,food_name,energy_kcal,carb_g,protein_g,fat_g,freesugar_g,fibre_g,calcium_mg,iron_mg,energy_kj,sfa_mg,mufa_mg,pufa_mg,cholesterol_mg,phosphorus_mg,magnesium_mg,sodium_mg,potassium_mg,copper_mg,selenium_ug,chromium_mg,manganese_mg,molybdenum_mg,zinc_mg,vita_ug,vite_mg,vitd2_ug,vitd3_ug,vitk1_ug,vitk2_ug,folate_ug,vitb1_mg,vitb2_mg,vitb3_mg,vitb5_mg,vitb6_mg,vitb7_ug,vitb9_ug,vitc_mg,carotenoids_ug
,Haleem,156,23.20,10.20,2.00,0.00,1.00,31.00,1.20,652.80,0.00,0.00,0.00,0.00,0.00,0.00,0.00,0.00,0.00,0.00,0.00,0.00,0.00,0.00,0.00,0.00,0.00,0.00,0.00,0.00,0.00,0.00,0.00,0.00,0.00,0.00,0.00,0.00,8.60,0.00
,Kofta (Meat balls),152,14.50,13.50,4.00,0.00,0.00,1.10,1.00,636.80,0.00,0.00,0.00,0.00,0.00,0.00,0.00,0.00,0.00,0.00,0.00,0.00,0.00,0.00,0.00,0.00,0.00,0.00,0.00,0.00,0.00,0.00,0.00,0.00,0.00,0.00,0.00,0.00,0.30,0.00
,Chapli Kabab,134,12.80,5.00,6.50,0.00,1.50,0.30,1.50,560.60,0.00,0.00,0.00,0.00,0.00,0.00,0.00,0.00,0.00,0.00,0.00,0.00,0.00,0.00,0.00,0.00,0.00,0.00,0.00,0.00,0.00,0.00,0.00,0.00,0.00,0.00,0.00,0.00,0.20,0.00
,Sajji (Roasted Meat),157,1.50,17.20,6.60,0.00,0.00,15.00,1.80,656.40,0.00,0.00,0.00,0.00,0.00,0.00,0.00,0.00,0.00,0.00,0.00,0.00,0.00,0.00,0.00,0.00,0.00,0.00,0.00,0.00,0.00,0.00,0.00,0.00,0.00,0.00,0.00,0.00,0.00,0.00
,Chicken Biryani ,197,23.80,9.10,6.70,0.00,0.80,52.00,0.90,825.00,0.00,0.00,0.00,0.00,0.00,0.00,0.00,0.00,0.00,0.00,0.00,0.00,0.00,0.00,0.00,0.00,0.00,0.00,0.00,0.00,0.00,0.00,0.00,0.00,0.00,0.00,0.00,0.00,3.60,0.00
,Zarda (Sweet Rice),246,46.50,4.50,4.00,0.00,0.50,0.40,0.50,1029.80,0.00,0.00,0.00,0.00,0.00,0.00,0.00,0.00,0.00,0.00,0.00,0.00,0.00,0.00,0.00,0.00,0.00,0.00,0.00,0.00,0.00,0.00,0.00,0.00,0.00,0.00,0.00,0.00,0.30,0.00
,Both Masoer Curry,96.00,12.60,5.20,2.50,0.00,1.00,0.80,1.10,401.30,0.00,0.00,0.00,0.00,0.00,0.00,0.00,0.00,0.00,0.00,0.00,0.00,0.00,0.00,0.00,0.00,0.00,0.00,0.00,0.00,0.00,0.00,0.00,0.00,0.00,0.00,0.00,0.00,3.00,
,Chapati/Roti,282,54.70,9.70,1.60,1.00,2.50,31.00,3.30,844.75,1737.22,796.67,538.89,6.83,175.00,69.44,1.16,172.78,0.27,29.51,0.00,1.66,0.02,1.58,25.61,0.30,7.46,0.00,0.83,0.00,16.23,0.23,0.08,1.32,0.48,0.14,0.42,16.23,0.20,209.53
,Kidney bean curry (Rajmah curry),162,24.30,11.70,1.50,2.49,2.50,1.00,0.80,677.60,724.31,1085.92,3529.48,0.00,123.00,58.61,354.60,485.90,0.26,5.73,0.01,0.58,0.10,0.87,0.00,2.65,12.04,0.00,18.31,0.00,93.63,0.11,0.07,0.98,0.63,0.13,1.32,93.63,2.10,2790.14
,Plain pulao,179,18.90,11.00,6.00,1.15,1.10,1.00,0.30,749.20,585.27,946.98,2865.54,0.00,42.93,12.30,193.76,74.74,0.09,0.40,0.00,0.47,0.03,0.37,0.00,2.20,0.28,0.00,2.01,0.00,7.35,0.05,0.02,0.72,0.19,0.07,0.52,7.35,0.00,35.37
,Shammi kebab,137,16.30,10.20,3.00,0.31,1.05,1.00,0.90,573.40,9453.59,15312.34,44621.43,24.60,53.08,11.03,54.27,110.92,0.07,4.18,0.00,0.21,0.01,0.75,7.96,34.60,0.21,0.03,5.33,0.53,12.00,0.04,0.04,0.85,0.27,0.05,1.09,12.00,0.40,73.57
,Chicken curry,167,11.70,9.80,8.50,1.79,1.41,3.00,0.50,698.00,821.08,1119.97,2005.92,31.25,107.81,21.89,108.00,253.49,0.19,9.56,0.00,0.42,0.05,0.56,4.07,1.56,2.90,0.70,8.57,14.02,15.61,0.07,0.05,4.28,0.71,0.32,2.95,15.61,0.00,1284.19
,Fried fish (Indian style) (Tali hui machli),237,1.80,23.70,14.20,0.40,0.30,42.00,1.50,991.90,8336.42,14107.74,43531.64,6.57,46.90,10.23,156.94,75.49,0.05,9.26,0.00,0.10,0.00,0.20,2.31,33.90,0.26,0.03,4.94,0.74,9.96,0.03,0.03,0.51,0.28,0.04,1.22,9.96,0.20,41.26
,Semolina halwa (Suji ka halwa),337,52.10,2.90,12.00,13.98,12.00,0.70,0.10,1409.00,7412.72,3906.35,857.21,30.82,27.64,13.08,1.28,70.46,0.11,1.83,0.00,0.48,0.05,0.42,115.52,1.21,1.46,0.00,0.37,0.00,4.99,0.05,0.01,0.25,0.13,0.02,0.13,4.99,0.03,279.71
,Rice kheer (Chawal ki kheer),125,18.20,3.60,2.70,8.02,0.20,137.00,0.20,522.50,1704.00,866.18,129.29,0.00,65.41,7.33,16.24,83.08,0.04,0.65,0.00,0.08,0.03,0.25,0.00,0.21,0.07,0.00,0.08,0.00,4.87,0.02,0.07,0.13,0.23,0.03,1.26,4.87,1.70,127.08
,Carrot halwa (Gajar ka halwa),410,42.00,5.10,24.20,16.85,2.10,150.00,1.10,1713.00,5410.09,2812.91,694.99,14.66,98.65,22.98,39.96,249.93,0.10,5.73,0.02,0.24,0.03,0.54,54.94,0.72,0.93,0.00,11.04,0.00,26.70,0.05,0.04,0.22,0.26,0.08,3.56,26.70,2.00,5740.77
,Hot tea (Garam Chai),16.14,2.58,0.39,0.53,2.58,0.00,14.20,0.02,68.16,321.50,144.18,16.39,0.00,11.50,1.04,3.12,13.95,0.01,0.11,0.00,0.00,0.00,0.04,0.00,0.03,0.00,0.00,0.00,0.00,0.86,0.00,0.01,0.01,0.04,0.00,0.24,0.86,0.24,23.75
,Instant coffee,23.16,3.65,0.64,0.75,3.62,0.00,20.87,0.06,97.77,451.17,202.33,23.00,0.00,18.19,3.63,4.92,44.50,0.01,0.22,0.00,0.02,0.00,0.06,0.00,0.04,0.00,0.00,0.03,0.00,1.25,0.01,0.02,0.18,0.06,0.01,0.78,1.25,0.34,33.33
,Espreso coffee,51.54,6.62,1.75,2.14,6.53,0.00,58.10,0.15,217.00,1291.67,580.16,66.21,0.00,50.25,8.57,13.98,103.86,0.04,0.56,0.00,0.03,0.00,0.19,0.00,0.11,0.00,0.00,0.05,0.00,3.49,0.01,0.05,0.35,0.16,0.02,1.81,3.49,0.95,94.64
,Iced tea,10.34,2.70,0.03,0.01,2.70,0.00,1.18,0.02,44.09,5.47,0.00,5.47,0.00,0.58,0.39,0.23,5.22,0.00,0.05,0.00,0.00,0.00,0.01,0.00,0.00,0.00,0.00,0.00,0.00,0.40,0.00,0.00,0.01,0.01,0.00,0.01,0.40,1.86,0.22
,Raw mango drink (Aam panna),35.92,9.05,0.16,0.03,7.49,0.61,7.08,0.14,152.39,6.14,5.89,9.43,0.00,3.34,4.25,79.82,31.45,0.03,0.05,0.00,0.05,0.01,0.03,0.00,0.17,1.46,0.00,3.44,0.00,5.23,0.00,0.00,0.05,0.03,0.03,0.27,5.23,16.87,167.19
,Fruit Punch (with fresh juices),36.12,9.38,0.14,0.03,9.25,0.06,5.07,0.10,153.89,6.21,1.30,10.08,0.00,10.24,3.20,2.63,33.43,0.01,0.03,0.00,0.13,0.00,0.02,0.00,0.05,0.05,0.00,0.56,0.00,4.51,0.02,0.00,0.04,0.04,0.01,0.15,4.51,7.61,45.53
,Fruit Punch (with squashes),23.13,5.99,0.07,0.02,5.88,0.17,3.30,0.06,98.22,5.23,1.63,7.07,0.00,9.27,1.88,2.26,16.65,0.01,0.04,0.00,0.08,0.00,0.01,0.00,0.03,0.05,0.00,0.65,0.00,1.82,0.00,0.00,0.02,0.02,0.01,0.08,1.82,3.00,55.69
,Lemonade,20.80,5.48,0.03,0.01,5.47,0.02,1.84,0.05,88.66,4.65,0.04,5.30,0.00,0.67,0.73,28.52,5.73,0.01,0.07,0.00,0.00,0.00,0.01,0.00,0.00,0.01,0.00,0.47,0.00,0.60,0.00,0.00,0.01,0.01,0.00,0.01,0.60,1.51,53.70
,Lem-o-gin,21.52,5.55,0.08,0.03,5.38,0.13,2.20,0.09,91.63,9.41,1.47,13.20,0.00,1.59,1.86,28.13,14.17,0.01,0.07,0.00,0.08,0.00,0.02,0.00,0.01,0.10,0.00,1.00,0.00,0.82,0.00,0.00,0.02,0.01,0.01,0.03,0.82,1.59,59.48
,Cumin infused water (Jeere/Zeere ka pani),9.09,1.86,0.17,0.11,1.46,0.46,10.84,0.32,38.23,14.50,40.04,33.53,0.00,4.47,5.28,189.60,32.15,0.02,0.13,0.00,0.23,0.02,0.04,0.00,0.01,0.57,0.00,1.77,0.00,0.93,0.01,0.00,0.05,0.01,0.01,0.03,0.93,1.07,64.09
,Coco pine cooler,32.75,5.72,0.56,1.00,5.52,0.26,17.81,0.13,138.47,627.31,248.96,41.50,3.40,13.47,6.59,23.20,66.65,0.01,0.31,0.00,0.13,0.00,0.07,10.53,0.07,0.07,0.00,0.84,0.00,2.92,0.03,0.04,0.05,0.14,0.02,0.29,2.92,2.47,96.55
,Summer cooler,22.43,5.43,0.37,0.04,5.21,0.20,8.13,0.28,95.22,10.71,1.87,16.85,0.00,11.46,7.62,1.57,93.06,0.01,0.17,0.00,0.16,0.00,0.04,0.00,0.15,0.14,0.00,2.31,0.00,12.92,0.03,0.01,0.11,0.12,0.03,0.45,12.92,20.92,219.75
,Hot cocoa,90.10,9.23,3.36,4.56,9.01,0.00,113.66,0.31,378.24,2752.15,1257.17,139.48,0.00,101.41,16.05,24.20,132.15,0.09,0.90,0.00,0.01,0.00,0.42,0.00,0.22,0.00,0.00,0.02,0.00,7.22,0.03,0.10,0.10,0.32,0.04,1.87,7.22,1.89,189.11
,Cold coffee with ice cream,67.85,11.24,1.57,2.11,11.18,0.01,53.29,0.12,286.61,1283.98,567.96,67.66,1.17,44.98,7.26,13.84,90.27,0.03,0.51,0.00,0.02,0.00,0.16,3.62,0.11,0.00,0.00,0.04,0.00,3.15,0.02,0.06,0.29,0.18,0.02,1.54,3.15,0.84,81.39
,Banana milkshake (Kele milkshake),65.31,9.15,1.84,2.37,7.96,0.26,62.64,0.13,274.33,1423.07,634.17,87.19,0.00,52.77,7.92,13.61,102.43,0.03,0.49,0.00,0.05,0.00,0.19,0.00,0.13,0.02,0.00,0.25,0.00,5.74,0.02,0.06,0.10,0.22,0.08,1.21,5.74,1.98,134.30
,Mango milkshake (Aam milkshake),56.90,7.23,1.73,2.35,7.15,0.26,62.33,0.15,239.13,1394.57,633.56,88.45,0.00,50.50,6.17,13.27,79.07,0.03,0.75,0.00,0.04,0.00,0.19,0.00,0.15,0.52,0.00,0.67,0.00,15.10,0.02,0.06,0.08,0.19,0.04,1.23,15.10,5.65,301.55
,Pineapple milkshake (Ananas milkshake),55.72,7.62,1.66,2.23,7.60,0.00,59.92,0.11,235.06,1336.79,599.51,68.15,0.00,47.88,5.14,14.05,65.68,0.02,0.47,0.00,0.12,0.00,0.18,0.00,0.11,0.00,0.00,0.00,0.00,4.79,0.02,0.06,0.06,0.18,0.03,0.98,4.79,2.80,100.08
,Orange milkshake (Narangi milkshake),57.42,7.11,1.86,2.52,7.08,0.00,67.42,0.11,241.50,1525.07,683.94,77.75,0.00,55.47,5.30,14.63,73.43,0.02,0.54,0.00,0.01,0.00,0.19,0.00,0.14,0.00,0.00,0.00,0.00,5.28,0.02,0.06,0.05,0.20,0.02,1.16,5.28,3.39,115.26
,Egg nog,97.14,8.15,4.78,5.11,8.06,0.02,102.13,0.43,407.68,2633.51,1536.21,299.55,60.30,107.24,8.99,40.65,115.14,0.04,7.43,0.00,0.02,0.00,0.47,32.62,0.42,0.08,0.14,0.10,2.41,13.81,0.03,0.12,0.08,0.51,0.06,4.57,13.81,1.59,180.53
,Sweet Lassi (Meethi lassi),35.66,6.51,1.29,0.68,6.51,0.00,45.65,0.03,151.19,431.64,178.53,22.60,2.49,38.46,4.38,18.31,63.50,0.01,0.45,0.00,0.00,0.00,0.16,6.33,0.01,0.00,0.00,0.00,0.00,4.07,0.01,0.06,0.05,0.11,0.02,0.59,4.07,0.23,4.75
,Lassi (salted),18.84,1.86,1.35,0.72,1.84,0.02,47.78,0.04,79.43,451.64,191.60,26.17,2.60,40.39,4.84,65.40,67.37,0.00,0.47,0.00,0.00,0.00,0.17,6.62,0.01,0.01,0.00,0.09,0.00,4.27,0.01,0.06,0.05,0.12,0.02,0.62,4.27,0.24,5.29
,Cheese and chilli sandwich ,218.11,27.40,6.80,9.78,2.38,2.08,113.79,0.99,916.65,5276.39,2277.00,351.37,23.05,89.98,18.86,437.50,142.31,0.10,4.57,0.00,0.32,0.02,0.56,97.40,0.25,0.24,0.00,5.85,0.00,28.95,0.14,0.09,1.00,0.10,0.07,1.77,28.95,22.06,518.11
,Egg sandwich (Ande ka sandwich),285.96,29.16,8.69,15.80,1.86,1.88,110.13,1.44,1198.25,8437.21,4047.35,733.87,121.63,107.32,18.88,461.67,129.59,0.11,14.16,0.00,0.34,0.02,0.77,190.34,0.70,0.13,0.21,1.94,3.60,29.40,0.15,0.10,0.98,0.37,0.08,4.54,29.40,0.00,134.03
,Cucumber sandwich (Kheere ka sandwich),188.60,25.77,4.80,8.00,1.64,2.45,87.84,1.02,792.81,4322.51,1808.72,287.53,17.53,62.30,21.60,362.64,154.06,0.09,3.58,0.00,0.31,0.02,0.46,78.85,0.21,0.62,0.00,4.69,0.00,21.34,0.12,0.04,0.94,0.19,0.06,1.19,21.34,2.51,129.54
,Cheese and pineapple sandwich (Cheese aur ananas ka sandwich),257.71,29.10,8.20,12.80,4.10,2.33,199.73,1.04,1080.78,7259.18,3109.01,440.30,34.35,195.37,21.52,571.96,143.39,0.10,4.73,0.00,0.54,0.02,0.91,134.35,0.39,0.15,0.00,2.15,0.00,21.66,0.14,0.09,0.90,0.14,0.07,1.23,21.66,6.52,97.00
,Cheese and tomato sandwich (Cheese aur tamatar ke sandwich),243.32,26.92,7.92,12.27,2.85,1.97,191.20,1.00,1020.45,6949.08,2976.77,438.74,32.88,187.97,20.97,549.71,148.52,0.09,4.52,0.00,0.32,0.03,0.87,128.58,0.35,2.65,0.00,6.82,0.00,20.91,0.13,0.09,0.95,0.15,0.07,1.23,20.91,5.42,1328.24
,Chicken sandwich,253.27,25.38,13.12,11.75,1.60,1.64,89.56,1.19,1063.58,4795.68,2264.61,412.47,42.06,121.57,21.59,389.67,196.08,0.19,10.83,0.00,0.30,0.02,0.70,84.92,0.32,0.11,0.53,1.37,10.74,19.06,0.15,0.07,3.94,0.45,0.24,1.62,19.06,0.00,61.71
,Peanut and tomato sandwich (Moongfali aur tamatar ka sandwich),291.43,28.54,9.53,16.14,2.82,4.03,94.03,1.58,1223.06,5981.63,5583.70,2667.60,17.53,134.27,56.19,364.99,252.82,0.28,4.21,0.00,0.63,0.11,1.06,78.85,1.12,4.00,0.00,6.79,0.00,36.28,0.23,0.07,3.23,0.25,0.10,0.59,36.28,5.20,1274.98
,Rainbow sandwich,272.75,34.26,7.75,12.54,4.05,2.10,172.04,1.20,1145.57,7021.96,2934.21,411.22,31.16,149.85,20.43,612.49,143.97,0.10,5.00,0.00,0.36,0.02,0.76,128.38,0.36,0.13,0.00,2.15,0.00,21.69,0.20,0.09,1.16,0.08,0.06,0.68,21.69,2.12,188.09
,Club sandwich ,235.32,18.51,7.31,15.12,2.01,1.81,115.68,0.86,982.35,6110.90,5725.71,1625.38,31.26,128.02,18.60,461.66,169.00,0.08,3.73,0.00,0.23,0.01,0.87,80.88,1.19,1.91,0.00,13.56,0.00,19.82,0.16,0.09,1.33,0.36,0.10,1.98,19.82,6.83,918.33
,Vegetarian club sandwich,198.33,19.68,5.45,11.33,2.08,2.06,122.44,0.77,829.67,4721.69,3935.81,1208.38,23.13,120.49,18.65,305.36,159.77,0.07,3.11,0.00,0.24,0.01,0.58,85.76,1.23,3.27,0.00,15.00,0.00,21.16,0.10,0.07,0.78,0.20,0.07,1.81,21.16,7.24,973.74
,Pin wheel sandwich,311.52,14.00,8.77,24.93,1.45,0.93,67.75,1.36,1295.40,2856.30,13907.46,5907.96,179.52,111.59,13.69,374.39,110.30,0.08,20.07,0.00,0.18,0.02,0.80,109.78,6.65,0.12,0.38,0.77,6.55,32.44,0.09,0.13,0.48,0.70,0.12,8.38,32.44,0.00,70.49
,Carrot apple sandwich (Gajar aur seb ka sandwich),214.11,29.04,5.30,9.12,5.30,3.66,118.05,1.80,899.82,5161.20,2211.03,628.98,21.05,97.76,31.49,302.88,228.82,0.14,3.60,0.00,0.63,0.45,0.78,89.31,0.25,0.45,0.00,14.90,0.00,22.32,0.13,0.07,1.44,0.21,0.10,1.71,22.32,2.78,2220.14
,Salami sandwich,255.59,21.54,8.70,15.51,2.00,1.97,73.54,1.11,1068.35,6875.04,5531.68,1238.08,33.35,88.61,20.81,662.75,194.06,0.10,4.52,0.00,0.26,0.02,1.05,64.51,0.22,0.43,0.00,3.54,0.00,17.03,0.25,0.09,2.07,0.51,0.13,2.39,17.03,1.69,104.03
,Vegetable and mayonnaise sandwich,244.26,23.20,4.47,15.40,2.35,2.35,79.53,0.91,1020.23,4467.60,6614.60,2487.48,21.87,55.55,16.70,342.70,143.10,0.09,3.17,0.00,0.30,0.02,0.42,78.70,2.66,1.79,0.00,9.37,0.00,24.97,0.11,0.06,0.86,0.11,0.08,0.98,24.97,18.89,2218.25
,Egg and tomato sandwich (Ande aur tamatar ka sandwich),222.11,25.90,7.66,10.51,2.09,1.77,95.71,1.30,933.23,5164.06,2761.66,611.98,95.63,95.47,18.11,423.26,150.47,0.10,12.16,0.00,0.31,0.03,0.69,124.29,0.67,1.35,0.18,3.87,3.07,27.45,0.14,0.09,0.99,0.35,0.09,4.08,27.45,3.33,790.67
,Sweet open sandwich,244.25,39.24,4.99,8.15,12.23,2.36,85.18,1.15,1026.93,4453.81,1778.49,289.97,18.05,60.50,22.74,205.27,230.97,0.13,3.62,0.01,0.39,0.01,0.43,81.19,0.23,0.13,0.00,1.43,0.00,22.12,0.12,0.06,0.99,0.13,0.21,0.56,22.12,2.80,146.68
,Mushroom and cheese sandwich (toasted),227.42,21.01,7.79,13.01,2.11,2.28,172.35,0.84,951.30,7548.33,3185.63,525.33,35.12,196.85,21.16,456.57,198.37,0.09,3.64,0.00,0.28,0.02,0.80,139.41,0.31,6.86,0.00,5.69,0.00,16.77,0.10,0.09,0.88,0.25,0.08,4.00,16.77,0.00,83.20
,Cheese and tomato sandwich (toasted) (Cheese aur tamatar ke sandwich (toasted)),224.58,21.42,6.82,12.95,2.67,1.78,169.22,0.82,939.42,7543.30,3193.44,477.81,35.12,173.20,19.04,457.94,148.53,0.08,3.64,0.00,0.26,0.02,0.78,139.41,0.38,3.99,0.00,9.52,0.00,19.12,0.11,0.08,0.82,0.16,0.07,1.32,19.12,8.34,2005.97
,Pea potato sandwich (toasted) (Matar aloo ka sandwich),164.90,25.17,4.60,5.43,1.33,2.89,64.15,1.11,692.60,576.47,962.91,2954.18,0.00,61.80,26.66,262.63,342.73,0.12,2.90,0.00,0.43,0.02,0.52,0.00,2.31,1.75,0.00,7.86,0.00,23.64,0.14,0.04,1.20,0.26,0.10,1.11,23.64,15.87,289.26
,Paneer pea sandwich (toasted) (Paneer matar ka sandwich),249.56,24.05,12.40,11.98,6.40,2.12,274.10,1.26,1046.81,4540.44,2891.99,3093.70,0.00,190.78,27.81,268.90,127.84,0.13,12.97,0.05,0.43,0.02,1.63,0.00,2.29,1.72,0.00,6.91,0.00,58.65,0.12,0.08,0.79,0.31,0.08,9.97,58.65,5.46,282.96
,Chicken sandwich (toasted),167.37,18.82,12.08,5.32,2.13,1.64,99.99,0.99,705.58,1141.78,725.92,213.09,26.57,147.95,20.67,327.55,203.56,0.17,9.36,0.00,0.24,0.01,0.73,18.23,0.18,0.24,0.48,4.00,9.75,24.22,0.13,0.07,3.50,0.50,0.24,2.62,24.22,15.17,316.15
,Pea keema sandwich (toasted) (Matar aur keema ka sandwich),171.78,20.26,11.06,5.61,1.94,2.45,70.79,1.51,723.50,2222.37,1918.95,274.92,27.29,115.55,26.19,290.07,234.35,0.13,3.44,0.00,0.42,0.02,1.70,1.77,0.14,1.83,0.00,7.49,0.00,21.61,0.16,0.10,2.51,0.45,0.14,1.54,21.61,6.50,216.20
,Classic club sandwich,200.83,18.49,6.74,11.56,1.86,1.62,107.73,1.09,840.30,4632.53,4002.40,1496.11,62.87,127.98,20.02,277.49,167.57,0.08,7.88,0.00,0.24,0.00,0.73,97.16,1.43,1.17,0.09,20.79,1.63,25.46,0.11,0.08,0.88,0.36,0.10,3.54,25.46,7.24,1056.80
,Sesame toast,495.19,11.15,1.90,49.38,1.46,1.32,43.44,0.72,2042.69,5926.63,10168.23,30988.81,0.00,36.67,15.34,128.78,172.98,0.07,1.39,0.00,0.14,0.03,0.30,0.00,23.91,1.03,0.00,7.05,0.00,14.20,0.07,0.02,0.56,0.11,0.06,0.60,14.20,11.08,744.64
,Cracked wheat porridge (Meetha daliya),81.57,8.87,2.64,4.08,5.12,0.62,75.88,0.32,341.09,1828.16,1007.44,870.97,0.00,59.92,5.18,15.89,71.44,0.02,0.59,0.00,0.01,0.00,0.21,0.00,0.75,0.00,0.00,0.08,0.00,4.36,0.02,0.07,0.05,0.21,0.02,1.23,4.36,1.25,124.07
,Semolina porridge (Suji/Rava daliya),100.89,12.39,3.75,4.08,7.54,0.70,108.52,0.36,423.06,2440.75,1096.57,147.48,0.00,95.42,10.23,23.21,123.99,0.06,1.64,0.00,0.15,0.01,0.45,0.00,0.21,0.59,0.00,0.09,0.00,8.17,0.05,0.10,0.15,0.36,0.04,1.81,8.17,1.81,199.71
,Oatmeal Porridge,72.85,8.77,2.60,3.22,5.20,0.39,76.83,0.28,306.46,1764.70,918.84,246.98,0.02,80.12,10.97,16.14,91.03,0.04,0.75,0.00,0.19,0.00,0.32,0.00,0.17,0.00,0.00,0.00,0.00,6.02,0.07,0.07,0.09,0.25,0.04,2.20,6.02,1.26,125.63
,Cornflakes with milk,117.33,14.95,3.59,5.12,9.97,0.78,106.47,0.42,493.71,2784.82,1530.43,370.58,0.00,108.43,14.98,26.55,132.88,0.06,1.47,0.00,0.24,0.00,0.46,0.00,0.34,0.00,0.00,0.00,0.00,15.78,0.14,0.21,0.50,0.33,0.05,2.67,15.78,1.74,172.66
,Rice flakes (Chiwda/Aval),112.44,15.57,3.62,3.99,7.28,0.37,103.15,0.62,471.37,2367.63,1093.92,181.40,0.00,104.43,15.61,22.40,115.40,0.06,0.82,0.01,0.10,0.02,0.45,0.00,0.20,0.00,0.00,0.11,0.00,6.98,0.04,0.10,0.24,0.35,0.04,1.75,6.98,1.74,176.29
,Wheat flakes,112.44,15.57,3.62,3.99,7.28,0.37,103.15,0.62,471.37,2367.63,1093.92,181.40,0.00,104.43,15.61,22.40,115.40,0.06,0.82,0.01,0.10,0.02,0.45,0.00,0.20,0.00,0.00,0.11,0.00,6.98,0.04,0.10,0.24,0.35,0.04,1.75,6.98,1.74,176.29
,Murmura (Puffed rice),113.32,15.67,3.62,4.04,7.31,0.28,103.79,0.63,475.04,2342.03,1052.35,123.97,0.00,99.79,14.18,22.52,114.53,0.06,0.82,0.01,0.11,0.01,0.44,0.00,0.19,0.00,0.00,0.11,0.00,6.07,0.04,0.10,0.27,0.33,0.04,1.85,6.07,1.74,178.11
,Puffed wheat (Murmure/Moori),113.32,15.67,3.62,4.04,7.31,0.28,103.79,0.63,475.04,2342.03,1052.35,123.97,0.00,99.79,14.18,22.52,114.53,0.06,0.82,0.01,0.11,0.01,0.44,0.00,0.19,0.00,0.00,0.11,0.00,6.07,0.04,0.10,0.27,0.33,0.04,1.85,6.07,1.74,178.11
,Boiled egg (Ubla anda),45.35,0.12,4.43,3.04,0.00,0.11,17.75,0.64,189.77,981.64,1154.18,385.02,121.19,61.74,4.88,170.94,50.91,0.03,13.43,0.00,0.03,0.01,0.41,65.56,0.50,0.09,0.28,0.57,4.84,16.40,0.02,0.06,0.04,0.49,0.05,6.05,16.40,0.00,52.05
,Fried Egg ,223.67,0.31,11.59,19.62,0.00,0.29,46.40,1.69,928.19,3969.30,5413.97,8405.42,316.88,161.43,12.75,446.96,133.13,0.08,35.12,0.00,0.08,0.04,1.08,171.43,7.07,0.22,0.73,2.22,12.65,42.89,0.05,0.17,0.10,1.28,0.14,15.82,42.89,0.00,136.10
,Poached egg,123.87,0.37,11.98,8.19,0.05,0.30,48.24,1.75,518.05,2646.91,3112.17,1038.18,326.79,167.21,14.79,1163.07,141.30,0.08,36.29,0.00,0.09,0.04,1.12,176.79,1.36,0.23,0.75,1.53,13.04,44.23,0.05,0.17,0.11,1.32,0.15,16.32,44.23,0.00,140.35
,Scrambled egg (Ande ki bhurji),155.97,1.35,10.29,12.21,1.08,0.24,64.59,1.42,649.51,5674.17,3944.74,1021.83,273.60,155.18,12.41,374.66,136.01,0.07,29.18,0.00,0.07,0.03,0.96,196.17,1.24,0.18,0.60,1.64,10.44,36.89,0.05,0.16,0.10,1.13,0.12,13.49,36.89,0.43,189.88
,Baked egg ,218.85,15.42,11.88,12.65,1.66,1.03,164.05,1.48,916.63,6173.04,3702.29,838.99,204.36,236.01,17.94,523.29,143.69,0.09,22.90,0.00,0.20,0.02,1.21,185.54,0.95,0.13,0.42,1.45,7.23,35.37,0.10,0.16,0.55,0.82,0.11,9.89,35.37,0.00,122.02
,Plain omelette/omlet,272.41,0.64,9.66,25.74,0.51,0.12,48.40,1.35,1127.43,4620.50,6433.86,12775.58,255.94,140.01,10.22,226.18,114.08,0.06,28.42,0.00,0.04,0.02,0.90,138.46,10.38,0.09,0.59,1.79,10.22,35.30,0.05,0.14,0.09,1.06,0.12,12.98,35.30,0.21,123.14
,Stuffed egg omelette/omlet,203.51,2.30,8.60,17.77,1.57,0.75,89.91,0.91,843.31,4762.88,4522.70,7171.77,154.38,182.39,14.15,267.19,161.72,0.06,16.65,0.00,0.07,0.01,0.90,115.96,5.77,3.21,0.32,5.16,5.58,26.80,0.08,0.12,0.58,0.78,0.13,9.02,26.80,3.16,649.98
,Pancake,203.36,20.49,5.68,10.82,3.32,0.65,79.49,0.69,846.21,2766.08,2526.38,4767.85,35.93,101.29,13.56,143.70,116.83,0.07,4.53,0.00,0.16,0.01,0.52,19.44,3.78,1.59,0.08,0.68,1.43,12.84,0.06,0.10,0.24,0.52,0.06,3.10,12.84,1.19,195.39
,Keema pancake,176.27,9.56,9.01,11.25,2.20,0.84,40.96,0.93,733.07,4774.82,3416.92,2148.88,46.43,110.68,16.95,125.40,198.42,0.07,2.47,0.00,0.17,0.01,1.46,38.43,1.60,2.13,0.03,4.30,0.55,11.08,0.07,0.11,1.83,0.57,0.12,2.32,11.08,4.20,770.60
,Vegetable pancake,125.18,12.24,3.87,6.57,2.09,2.48,42.89,0.79,520.55,2574.50,1578.67,1920.98,19.32,63.25,19.91,116.69,230.72,0.09,2.07,0.00,0.21,0.01,0.48,35.17,1.54,4.21,0.03,13.94,0.52,24.39,0.09,0.06,0.55,0.46,0.10,2.48,24.39,17.61,1985.42
,Jam and fruit pancake,162.02,20.73,3.79,7.01,7.85,1.21,54.06,0.52,675.43,1792.72,1632.64,3082.64,23.09,68.54,11.90,93.09,110.42,0.06,2.93,0.00,0.41,0.01,0.37,12.49,2.54,1.07,0.05,1.00,0.92,12.80,0.05,0.07,0.19,0.36,0.07,2.25,12.80,9.85,146.33
,Khoa and coconut pancake,271.98,27.32,6.98,15.29,16.47,1.65,157.22,1.12,1138.78,6999.29,2755.89,3040.07,21.35,151.28,22.61,101.00,205.43,0.10,10.61,0.02,0.25,0.01,0.80,11.55,2.54,1.04,0.05,2.87,0.85,26.87,0.06,0.09,0.25,0.39,0.06,5.50,26.87,1.02,171.62
,Brown stock,21.32,0.25,1.95,1.38,0.14,0.09,17.16,0.30,89.24,2.98,1.64,7.67,0.00,16.78,0.72,44.60,36.68,0.00,0.03,0.00,0.02,0.00,0.01,0.00,0.00,0.04,0.00,0.37,0.00,1.30,0.02,0.02,0.71,0.01,0.00,0.05,1.30,0.31,101.74
,Vegetable stock,17.60,0.96,0.30,1.38,0.44,0.38,5.08,0.12,72.84,853.56,343.84,67.21,3.46,5.43,2.64,49.75,30.05,0.01,0.10,0.00,0.04,0.01,0.05,15.57,0.04,0.40,0.00,2.03,0.00,3.35,0.01,0.00,0.06,0.04,0.01,0.23,3.35,1.82,330.95
,Chicken stock,29.88,0.37,3.69,1.51,0.20,0.10,3.57,0.18,125.02,139.34,167.22,66.51,10.23,30.82,4.25,58.58,56.12,0.05,3.11,0.00,0.02,0.00,0.14,1.16,0.05,0.04,0.23,0.26,4.62,2.71,0.02,0.01,1.35,0.20,0.09,0.77,2.71,0.22,6.41
,Clear tomato soup (Tamatar ka soup),80.07,3.45,4.79,12.22,1.44,1.96,29.05,1.14,330.90,851.47,1414.00,4382.48,0.00,50.31,22.39,5135.74,232.95,0.05,0.21,0.00,0.23,0.01,0.23,0.00,3.47,6.14,0.00,14.32,0.00,11.04,0.03,0.01,0.32,0.12,0.05,0.77,11.04,13.37,3417.47
,Lentil soup,31.17,3.94,9.65,11.68,1.06,2.57,40.57,2.26,129.85,568.31,231.83,109.95,2.19,96.89,36.61,10418.84,350.26,0.10,1.99,0.00,0.35,0.04,0.47,9.85,0.09,1.93,0.00,8.17,0.00,8.97,0.03,0.02,0.20,0.14,0.04,0.56,8.97,4.60,2080.89
,Chicken consomme (Clear chicken soup),47.94,1.19,11.47,12.02,0.54,1.57,35.48,1.82,199.24,819.65,1205.06,595.91,17.00,102.45,32.35,8953.64,305.39,0.06,3.83,0.00,0.36,0.02,0.46,9.56,0.05,0.35,0.08,4.65,0.00,5.04,0.02,0.04,1.35,0.33,0.09,0.89,5.04,0.93,560.44
,Cream of tomato soup,97.81,3.93,4.61,13.12,1.81,1.38,39.61,0.95,404.60,2374.48,1898.59,3845.49,5.47,56.77,19.75,4461.22,205.66,0.05,0.28,0.00,0.15,0.01,0.24,26.01,3.05,5.20,0.00,11.49,0.00,9.52,0.03,0.03,0.28,0.15,0.05,0.94,9.52,11.51,2573.71
,Cream of green peas soup,127.84,6.75,7.13,14.78,1.61,2.95,51.01,1.48,529.63,2672.93,2142.50,4324.33,6.19,76.14,29.97,4999.70,242.60,0.11,0.88,0.00,0.27,0.02,0.56,29.45,3.42,4.13,0.00,16.43,0.00,21.68,0.10,0.04,0.47,0.30,0.08,1.85,21.68,12.80,1001.41
,Cream of spinach soup,100.54,3.45,5.21,13.31,1.13,1.74,70.77,2.10,416.01,2433.50,1903.39,3918.17,5.47,64.44,52.29,4429.81,404.13,0.10,1.19,0.01,0.59,0.01,0.39,26.00,3.51,0.25,0.00,141.63,0.00,64.43,0.08,0.07,0.20,0.17,0.08,2.27,64.43,13.69,4180.58
,Cream of mixed vegetable soup,59.65,4.93,6.84,9.05,2.10,2.14,65.26,1.36,248.42,2015.64,852.77,171.60,7.05,94.33,27.05,5655.45,255.87,0.07,0.64,0.00,0.23,0.02,0.48,28.60,0.17,3.60,0.00,11.38,0.00,15.03,0.06,0.04,0.32,0.24,0.06,1.44,15.03,10.77,1564.13
,Cream of mushroom soup,117.28,3.74,6.64,15.50,1.93,1.34,70.56,1.81,484.63,2922.18,2330.75,4743.45,6.74,106.93,24.31,5276.06,249.79,0.08,0.25,0.00,0.19,0.01,0.56,32.07,3.65,4.31,0.00,4.35,0.00,8.19,0.02,0.04,0.22,0.21,0.05,2.74,8.19,1.54,77.09
,Chicken sweet corn soup,28.32,1.63,14.48,12.59,0.27,0.47,91.50,3.83,119.03,106.18,155.20,113.22,6.37,177.67,41.64,12205.33,362.15,0.11,2.67,0.00,0.23,0.00,1.02,0.72,0.07,0.01,0.18,0.09,2.87,5.57,0.03,0.02,1.04,0.24,0.06,0.58,5.57,0.84,4.12
,Minestrone soup,42.66,3.71,9.30,11.09,1.01,1.92,53.55,1.82,178.39,787.84,334.79,103.83,3.70,101.30,31.06,8875.06,299.64,0.06,0.71,0.00,0.22,0.01,0.39,14.19,0.10,3.24,0.00,10.81,0.00,10.10,0.04,0.02,0.64,0.13,0.04,0.77,10.10,8.44,1748.04
,Egg drop soup,26.64,1.10,12.93,13.52,0.60,0.81,100.14,3.93,110.83,929.73,583.38,160.37,31.67,170.96,39.39,12418.84,346.42,0.09,3.30,0.00,0.24,0.01,1.04,28.13,0.18,0.08,0.07,7.62,1.15,8.87,0.01,0.02,0.09,0.16,0.03,1.72,8.87,2.68,63.91
,Chinese cabbage and meat ball soup,484.31,1.43,5.21,56.57,0.37,0.57,41.07,1.52,1992.37,6459.89,10712.21,32686.77,5.83,64.93,15.07,4249.41,147.10,0.04,0.73,0.00,0.11,0.01,0.36,6.78,25.43,1.35,0.01,8.54,0.20,4.37,0.02,0.01,0.37,0.06,0.02,0.47,4.37,3.59,640.37
,French onion soup,55.61,4.28,11.41,14.39,1.50,1.01,106.22,3.52,230.90,2424.63,995.75,166.59,10.59,167.13,37.54,11202.89,320.67,0.10,0.24,0.00,0.26,0.01,0.99,44.42,0.10,0.20,0.00,1.60,0.00,7.06,0.01,0.01,0.08,0.09,0.03,0.77,7.06,1.52,53.65
,Hot and sour soup,31.51,1.78,3.12,1.31,0.66,0.60,10.68,0.43,132.17,199.04,223.12,125.98,17.91,34.22,7.53,163.26,93.43,0.05,3.25,0.00,0.11,0.01,0.18,7.01,0.10,0.73,0.17,6.90,3.29,10.13,0.02,0.02,0.97,0.22,0.09,1.51,10.13,6.26,595.21
,Talaumein soup,35.63,4.17,10.12,12.78,0.77,1.94,42.33,2.23,149.32,257.74,354.08,793.19,12.40,101.54,37.81,11088.14,340.97,0.06,2.09,0.00,0.28,0.02,0.41,6.71,0.66,1.24,0.03,14.95,0.49,13.16,0.02,0.02,0.25,0.16,0.06,1.38,13.16,3.42,1060.60
,Cold cucumber soup (Thanda kheere ka soup),48.03,4.58,2.99,1.99,3.34,0.88,99.79,0.32,201.43,1232.66,523.24,98.37,7.06,98.44,15.83,121.32,171.02,0.03,1.07,0.00,0.06,0.02,0.42,20.12,0.05,0.47,0.00,4.59,0.00,14.61,0.03,0.11,0.20,0.34,0.06,2.08,14.61,2.69,265.68
,Cold summer garden soup,49.19,2.65,8.57,14.08,0.46,1.86,43.93,2.13,203.38,2460.77,990.52,183.14,10.12,86.54,38.89,9919.63,361.43,0.07,0.55,0.00,0.28,0.02,0.36,46.93,0.17,0.28,0.00,22.78,0.00,14.09,0.02,0.02,0.19,0.13,0.03,0.94,14.09,5.31,1029.93
,Plain parantha/paratha,298.30,30.69,5.06,16.86,0.86,5.43,14.81,1.98,1237.55,2035.63,3380.49,10573.12,0.00,150.67,59.91,62.07,148.89,0.23,25.41,0.00,1.43,0.01,1.36,0.00,8.07,6.42,0.00,1.73,0.00,13.98,0.20,0.07,1.13,0.42,0.12,0.36,13.98,0.00,135.84
,Potato parantha/paratha (Aloo ka parantha/paratha),205.04,23.92,3.70,10.22,1.15,4.18,17.38,1.52,851.61,1241.03,2032.35,6381.79,0.00,107.56,46.11,127.20,272.88,0.18,15.42,0.00,0.94,0.01,0.95,0.00,4.85,4.02,0.00,4.42,0.00,16.02,0.14,0.05,1.05,0.39,0.12,0.87,16.02,8.54,295.46
,Radish parantha/paratha (Mooli ka parantha/paratha),183.52,20.54,3.30,9.53,1.31,4.32,23.75,1.39,762.00,1161.33,1896.26,5939.95,0.00,98.85,41.98,127.03,206.44,0.16,14.23,0.00,0.87,0.02,0.88,0.00,4.51,3.72,0.00,4.39,0.00,20.73,0.12,0.05,0.80,0.32,0.11,1.28,20.73,8.44,223.85
,Cauliflower parantha/paratha (Phoolgobhi ka parantha/paratha),178.07,18.84,3.73,9.47,1.15,4.68,22.00,1.59,739.29,1168.14,1868.38,5892.41,0.00,103.43,44.53,190.03,222.94,0.16,14.09,0.00,0.96,0.01,0.90,0.00,4.44,4.13,0.00,8.60,0.00,25.84,0.13,0.07,0.79,0.47,0.13,1.27,25.84,17.28,238.25
,Dal parantha/paratha,268.24,30.03,6.78,13.05,1.43,6.46,23.89,2.45,1114.69,1556.72,2583.40,8046.57,0.00,158.21,63.15,156.13,268.85,0.30,25.16,0.00,1.31,0.04,1.53,0.00,5.90,5.05,0.00,4.83,0.00,37.84,0.20,0.08,1.15,0.55,0.13,0.70,37.84,2.35,420.07
,Sprouted moong parantha/paratha,228.59,24.31,4.29,12.43,1.47,4.49,20.33,1.94,948.71,1508.61,2482.22,7749.82,0.00,120.66,49.59,153.94,150.07,0.19,18.51,0.00,1.10,0.02,1.10,0.00,5.88,4.82,0.00,4.64,0.00,16.33,0.17,0.06,0.95,0.38,0.12,0.59,16.33,2.61,293.34
,Pea parantha/paratha (Matar ka parantha/paratha),190.73,21.51,5.59,8.80,1.29,5.61,23.49,1.78,792.61,1065.83,1758.68,5488.28,0.00,103.50,49.23,109.99,197.71,0.22,13.73,0.00,0.95,0.02,1.17,0.00,4.24,8.38,0.00,20.29,0.00,31.05,0.21,0.05,1.14,0.51,0.15,1.97,31.05,16.43,697.85
,Keema parantha/paratha,238.09,18.36,9.41,13.91,0.99,3.44,19.35,1.80,989.27,3212.76,3659.35,6122.01,25.66,152.13,43.62,140.62,213.77,0.17,14.86,0.00,0.84,0.01,1.98,1.67,4.57,3.70,0.00,3.56,0.00,11.49,0.16,0.10,2.30,0.56,0.15,1.12,11.49,1.80,220.31
,Paneer parantha/paratha,262.97,24.33,7.98,14.62,3.77,4.00,127.65,1.70,1093.35,3429.66,3237.83,7067.94,0.00,181.47,48.99,142.52,141.55,0.19,22.13,0.03,1.01,0.01,1.59,0.00,5.31,4.37,0.00,4.10,0.00,34.11,0.14,0.08,0.85,0.42,0.10,5.43,34.11,1.99,303.06
,Besan and spinach parantha/paratha (Besan aur palak ka parantha/paratha),216.49,21.39,5.54,12.09,1.31,4.39,33.07,1.85,901.21,1478.47,2414.97,7507.21,0.00,101.72,53.30,177.19,251.93,0.18,11.71,0.01,1.06,0.01,0.90,0.00,6.02,2.89,0.00,68.84,0.00,61.41,0.18,0.08,0.85,0.41,0.15,2.29,61.41,8.08,2059.79
,Poori,737.63,8.22,1.35,77.61,0.23,1.46,3.98,0.60,3035.59,9623.96,15940.30,48777.58,1.58,40.35,16.07,31.73,39.91,0.07,6.80,0.00,0.38,0.00,0.37,5.91,37.90,1.72,0.00,5.03,0.00,3.74,0.05,0.02,0.30,0.11,0.03,0.10,3.74,0.00,48.31
,Spinach poori (Palak poori),684.25,7.76,1.42,71.86,0.24,1.55,10.02,0.79,2816.04,8919.32,14753.28,45156.08,1.46,39.97,21.42,35.47,84.67,0.08,6.45,0.00,0.44,0.00,0.38,5.46,35.16,1.61,0.00,28.81,0.00,14.00,0.06,0.03,0.31,0.12,0.04,0.40,14.00,2.24,765.51
,Methi poori,710.02,7.98,1.45,74.60,0.26,1.61,14.61,0.81,2922.04,9255.95,15318.20,46887.28,1.51,41.04,18.01,35.37,48.54,0.07,6.59,0.00,0.40,0.01,0.37,5.67,36.43,1.74,0.00,21.38,0.00,6.51,0.06,0.03,0.33,0.13,0.05,0.28,6.51,2.24,550.68
,Dal stuffed poori,785.16,10.14,2.08,81.69,0.29,1.96,6.88,0.83,3231.84,10132.77,16769.68,51322.12,1.66,53.37,22.74,128.18,81.94,0.09,7.76,0.00,0.51,0.01,0.47,6.21,39.86,2.10,0.00,6.08,0.00,6.44,0.06,0.02,0.39,0.20,0.05,0.14,6.44,0.36,82.44
,Potato stuffed poori (Aloo ki poori),776.74,9.40,1.52,81.35,0.26,1.64,5.57,0.70,3196.78,10088.42,16705.94,51123.28,1.65,45.05,18.52,69.86,71.98,0.08,7.17,0.00,0.41,0.00,0.40,6.19,39.72,1.81,0.00,5.47,0.00,4.73,0.06,0.02,0.38,0.14,0.04,0.17,4.73,1.17,76.30
,Tandoori parantha/paratha,295.37,30.74,5.08,16.51,0.86,5.44,14.98,1.96,1225.73,9543.83,4226.47,1092.69,39.77,150.90,59.88,1.14,148.98,0.23,25.45,0.00,1.43,0.01,1.37,149.07,1.06,6.43,0.00,0.72,0.00,14.00,0.20,0.07,1.14,0.42,0.12,0.36,14.00,0.00,437.25
,Boiled rice (Uble chawal),117.19,25.72,2.60,0.18,0.22,1.25,2.70,0.24,490.33,50.00,28.89,72.00,0.00,46.67,8.91,1.05,47.33,0.09,0.40,0.00,0.26,0.02,0.36,0.00,0.03,0.00,0.00,0.50,0.00,3.25,0.06,0.02,0.84,0.18,0.07,0.10,3.25,0.00,15.63
,Mixed vegetable pulao,113.05,17.49,2.72,3.33,1.35,2.67,19.61,0.60,471.00,427.80,671.57,2058.53,0.00,44.58,17.60,187.92,133.82,0.11,0.49,0.00,0.43,0.03,0.43,0.00,1.60,1.95,0.00,9.58,0.00,18.39,0.08,0.02,0.73,0.27,0.12,1.40,18.39,5.96,1340.13
,Mushroom pulao,124.29,19.02,2.52,4.03,1.00,1.88,13.54,0.39,517.56,511.58,814.50,2498.46,0.00,49.03,13.23,222.36,108.70,0.09,0.34,0.00,0.42,0.02,0.34,0.00,1.89,3.11,0.00,3.47,0.00,7.47,0.05,0.02,0.71,0.23,0.08,1.73,7.47,0.96,30.39
,Sprouted moong pulao,112.97,17.49,2.19,3.61,1.43,1.78,16.26,0.65,470.44,464.80,729.65,2220.15,0.00,42.22,13.05,153.16,95.52,0.08,0.33,0.00,0.39,0.02,0.34,0.00,1.68,0.38,0.00,3.76,0.00,10.58,0.06,0.02,0.61,0.21,0.08,0.57,10.58,1.85,1181.76
,Paneer pulao,581.91,8.76,1.98,59.81,1.11,0.62,33.09,0.26,2396.20,7617.56,12348.22,37341.27,0.00,35.47,6.11,72.28,31.25,0.05,1.53,0.01,0.18,0.01,0.30,0.00,29.00,0.11,0.00,4.35,0.00,8.27,0.02,0.01,0.27,0.10,0.03,1.45,8.27,0.41,24.57
,Peanut pulao ,193.28,21.18,5.32,9.51,1.60,2.90,18.52,0.83,806.21,1641.26,3376.43,4083.54,0.00,91.56,38.11,168.40,159.16,0.21,0.82,0.00,0.63,0.05,0.76,0.00,2.49,1.23,0.00,2.07,0.00,19.02,0.12,0.03,2.21,0.31,0.10,0.67,19.02,0.96,42.00
,Navratan pulao,261.71,36.98,6.20,9.45,2.52,3.82,59.61,1.10,1090.19,1703.75,2268.66,4982.27,0.00,107.10,32.27,334.26,185.63,0.22,2.65,0.01,0.98,0.04,0.98,0.00,3.76,2.51,0.00,11.43,0.00,25.65,0.13,0.04,1.33,0.46,0.15,2.74,25.65,7.04,1517.86
,Green chickpeas pulao (Choliya pulao/Hare chane ka pulao),173.43,27.57,4.88,4.82,2.48,3.15,18.94,0.95,722.95,587.75,1007.47,2846.60,0.00,72.14,21.62,170.05,164.60,0.17,0.35,0.00,0.98,0.02,0.70,0.00,2.00,0.24,0.00,2.98,0.00,84.14,0.11,0.05,0.84,0.39,0.14,0.45,84.14,1.52,36.02
,Mutton biryani/biriyani,190.76,22.50,7.38,7.72,2.39,2.42,68.58,1.29,795.74,714.75,935.61,2609.10,0.40,94.87,19.12,262.64,212.05,0.12,0.59,0.00,0.67,0.06,0.46,1.01,1.99,2.03,0.00,6.94,0.00,14.47,0.11,0.07,2.45,0.27,0.11,1.06,14.47,4.95,811.04
,Vegetable biryani/biriyani,174.61,18.56,3.16,9.51,2.14,3.31,33.52,0.86,724.76,1274.58,1942.70,5841.21,0.27,59.38,24.37,183.79,242.50,0.12,0.65,0.00,0.56,0.03,0.50,0.70,4.52,2.83,0.00,12.90,0.00,25.71,0.08,0.04,0.86,0.38,0.15,2.00,25.71,13.05,1582.91
,"Lemon rice (Pulihora, Elumichai sadam, Chitranna)",176.30,21.62,4.26,7.88,0.78,2.52,12.70,0.77,734.93,1232.11,2472.67,3775.38,0.00,77.42,29.94,187.11,152.57,0.16,1.51,0.00,0.39,0.08,0.59,0.00,2.47,1.29,0.00,6.63,0.00,11.91,0.10,0.04,1.70,0.24,0.09,0.23,11.91,3.20,2148.06
,Sweet rice (Meethe chawal),215.41,42.59,2.10,4.57,24.80,1.13,11.38,0.34,906.12,2409.38,1377.46,361.35,9.55,39.74,11.13,3.20,56.08,0.11,0.38,0.00,0.46,0.04,0.32,35.79,0.50,0.22,0.00,0.92,0.00,3.06,0.04,0.02,0.62,0.14,0.05,0.16,3.06,0.06,90.74
,Curd rice (Dahi bhaat/Dahi chawal/ Perugu annam/Daddojanam/Thayir saadam),195.74,32.93,5.75,4.32,3.91,2.13,101.52,0.59,818.47,1595.74,1009.27,1392.21,3.12,133.75,24.28,213.29,211.78,0.13,1.83,0.01,0.35,0.06,0.74,7.93,1.06,1.58,0.00,7.91,0.00,13.06,0.10,0.15,1.14,0.46,0.14,1.45,13.06,2.36,1872.22
,Tamarind rice (Chintapandu pulihora/Puliyodharai/Puli sadam/Huli anna),373.04,65.08,7.45,8.53,11.65,5.12,50.94,2.89,1556.82,2643.60,2460.18,2781.06,7.70,147.53,58.32,162.41,369.08,0.37,3.67,0.02,0.81,0.45,1.13,28.85,1.97,7.05,0.00,13.31,0.00,18.01,0.21,0.08,2.29,0.52,0.21,0.49,18.01,0.66,3140.33
,Spanish rice,164.24,31.10,4.19,2.23,1.26,2.78,18.93,0.92,686.24,315.58,435.80,1330.75,0.00,69.95,21.13,96.61,190.33,0.16,0.94,0.01,0.44,0.05,0.61,0.00,1.02,4.18,0.00,14.79,0.00,25.05,0.11,0.04,1.31,0.36,0.15,1.23,25.05,22.37,1934.34
,Chinese fried rice,120.58,13.40,4.05,5.43,1.47,2.31,34.70,0.99,502.30,952.97,1319.85,2741.71,52.09,70.05,18.99,248.36,210.87,0.09,6.13,0.00,0.26,0.02,0.51,28.18,2.18,0.57,0.12,23.24,2.08,38.95,0.06,0.06,0.70,0.43,0.18,4.23,38.95,19.18,1886.76
,Macroni cheese pie,170.63,21.10,5.85,7.48,3.40,0.40,122.01,0.54,717.16,4429.56,1955.48,419.11,15.99,162.88,19.78,200.51,156.11,0.09,5.54,0.00,0.21,0.01,0.71,60.18,0.32,2.52,0.00,5.85,0.00,11.77,0.06,0.08,0.84,0.41,0.07,1.86,11.77,6.11,1334.65
,Vegetable chowmein,129.71,15.44,3.07,6.36,1.97,1.86,28.33,0.99,543.32,795.86,1254.13,3937.86,0.00,56.26,21.67,258.47,201.59,0.09,3.90,0.00,0.27,0.01,0.39,0.00,3.00,0.59,0.00,20.64,0.00,33.17,0.06,0.04,0.93,0.30,0.15,1.94,33.17,28.50,2228.36
,Chicken chowmein,151.33,13.30,6.33,8.23,1.63,1.64,26.10,0.89,632.98,968.75,1496.62,4214.87,10.73,77.93,21.81,288.15,225.32,0.13,6.64,0.00,0.24,0.01,0.46,1.21,3.23,0.53,0.24,18.15,4.84,29.70,0.07,0.04,2.19,0.45,0.22,2.41,29.70,24.68,1937.75
,Cheese noodle ring,133.67,13.96,6.22,6.12,2.84,1.27,99.30,0.79,561.07,3321.54,1715.81,431.16,55.67,140.95,20.45,241.96,176.93,0.09,8.66,0.00,0.19,0.02,0.73,61.17,0.43,2.14,0.11,8.18,1.84,23.84,0.07,0.09,0.67,0.55,0.12,4.43,23.84,6.09,1462.24
,Spaghetti and cheese balls in tomato sauce,508.32,7.82,2.41,52.08,1.83,0.59,40.59,0.32,2095.46,7373.75,10795.82,31606.38,3.83,39.59,8.73,104.14,68.28,0.05,2.67,0.01,0.10,0.00,0.32,17.42,24.57,2.53,0.00,9.19,0.00,12.01,0.03,0.02,0.36,0.13,0.04,1.57,12.01,5.97,1266.58
,Penne platter,177.40,20.87,5.04,8.71,4.50,1.09,67.67,0.90,744.46,2136.86,4920.39,1072.46,2.29,87.01,21.93,283.37,202.22,0.11,6.89,0.01,0.30,0.01,0.67,5.97,1.06,1.53,0.00,6.79,0.00,23.02,0.08,0.03,1.16,0.37,0.10,3.50,23.02,6.25,1013.17
,Pasta hot pot,125.17,11.60,5.84,6.47,5.99,0.80,55.28,0.82,524.24,2683.04,1884.61,1351.12,27.19,100.04,17.09,231.17,215.22,0.07,3.26,0.00,0.17,0.01,0.89,24.04,1.00,1.63,0.03,4.95,0.44,13.39,0.20,0.09,1.44,0.38,0.10,1.79,13.39,7.07,1010.47
,Chicken lasagne,187.49,13.90,10.45,10.36,2.74,0.11,119.98,0.64,785.18,5062.30,2431.58,487.58,50.38,190.02,18.11,238.55,176.85,0.12,9.92,0.00,0.12,0.01,0.80,81.45,0.40,0.05,0.38,0.76,7.46,11.86,0.07,0.10,2.40,0.65,0.18,3.44,11.86,0.82,126.09
,Fettuccine with spinach sauce,129.21,12.19,3.10,7.83,1.18,0.77,53.67,1.28,540.00,2898.78,3757.31,628.94,10.29,64.04,34.19,153.59,247.35,0.10,3.86,0.01,0.46,0.01,0.43,45.57,0.69,0.15,0.00,94.43,0.00,48.13,0.08,0.05,0.61,0.22,0.08,1.64,48.13,10.80,2774.57
,Naan,286.45,51.75,8.05,4.99,5.59,1.91,88.01,1.29,1197.80,2749.48,1219.12,438.43,10.15,245.77,27.53,326.11,166.24,0.13,0.47,0.00,0.45,0.08,0.80,39.97,0.20,4.36,0.00,1.57,0.00,14.22,0.11,0.10,0.57,0.58,0.07,1.04,14.22,0.43,238.35
,Bhatura,793.20,10.73,1.63,82.56,0.69,0.38,12.12,0.33,3265.00,9971.81,16934.05,52234.33,0.38,39.05,4.89,28.30,30.07,0.03,0.07,0.00,0.09,0.00,0.15,0.96,40.58,0.92,0.00,5.33,0.00,2.85,0.02,0.02,0.11,0.12,0.01,0.17,2.85,0.03,37.82
,Idli,137.54,28.18,4.64,0.33,0.28,2.31,8.00,0.68,575.46,72.42,44.49,138.65,0.00,79.30,25.44,100.83,158.13,0.14,2.75,0.00,0.38,0.05,0.62,0.00,0.04,0.84,0.00,1.28,0.00,11.77,0.07,0.03,0.93,0.46,0.09,0.17,11.77,0.00,41.87
,Masala dosa,164.58,19.57,3.29,7.84,1.33,2.52,15.58,0.79,683.80,964.81,1609.59,4867.08,0.00,62.57,26.62,191.28,271.77,0.13,2.34,0.00,0.31,0.10,0.50,0.00,3.71,1.48,0.00,5.96,0.00,17.05,0.06,0.03,0.84,0.39,0.09,0.90,17.05,6.75,1008.09
,Semolina dosa (Suji/Rava dosa),227.05,32.84,7.30,7.12,4.37,4.04,116.04,1.39,947.56,1502.63,1512.93,3665.51,4.59,196.56,28.14,202.36,254.06,0.19,4.94,0.00,0.78,0.05,1.16,11.68,2.81,5.03,0.00,5.41,0.00,21.61,0.14,0.14,0.58,0.55,0.11,1.50,21.61,3.11,457.81
,Onion tomato uttapam,462.02,11.32,1.91,45.30,0.80,1.26,5.82,0.36,1903.54,5458.22,9283.93,28671.18,0.00,33.48,12.35,143.53,90.20,0.07,1.03,0.00,0.17,0.04,0.27,0.00,22.28,1.45,0.00,5.99,0.00,8.37,0.03,0.01,0.42,0.21,0.05,0.40,8.37,3.43,554.36
,Paneer kaathi roll,285.94,20.10,6.92,19.55,3.29,2.40,101.66,1.42,1186.30,3708.31,4319.96,10424.25,30.84,131.60,29.55,221.03,130.50,0.13,14.56,0.02,0.57,0.02,1.09,16.69,8.14,2.52,0.07,4.61,1.23,36.43,0.09,0.07,0.56,0.44,0.09,6.02,36.43,12.59,384.66
,Makki ki roti,263.97,24.19,3.49,16.85,0.70,5.19,14.76,1.11,1094.52,9436.69,4332.02,1297.37,39.07,102.02,53.51,236.22,152.79,0.16,3.08,0.00,0.26,0.03,0.83,146.44,1.04,11.86,0.00,1.18,0.00,12.61,0.12,0.03,0.98,0.14,0.13,0.46,12.61,2.34,612.31
,Washed moong dal (Dhuli moong ki dal),50.00,5.91,2.68,1.68,0.12,1.17,8.48,0.64,208.28,208.54,321.64,997.66,0.00,47.49,19.19,150.64,151.48,0.11,5.45,0.00,0.14,0.08,0.30,0.00,0.74,0.28,0.00,1.47,0.00,10.10,0.04,0.02,0.23,0.18,0.03,0.07,10.10,0.02,101.53
,Washed urad dal (Dhuli urad ki dal),61.32,5.84,2.51,2.98,0.32,1.53,10.24,0.72,254.82,366.21,595.72,1820.16,0.00,42.13,21.32,142.21,143.16,0.08,2.46,0.00,0.25,0.04,0.35,0.00,1.36,1.00,0.00,2.04,0.00,10.27,0.03,0.01,0.23,0.32,0.03,0.19,10.27,0.33,69.13
,Split bengal gram with bottle gourd (Channa dal with ghiya/lauki),73.25,7.10,2.79,3.60,1.05,2.72,14.33,0.99,304.63,425.79,710.88,2148.68,0.00,46.19,21.16,149.47,183.95,0.12,5.86,0.00,0.34,0.04,0.50,0.00,1.48,1.84,0.00,4.86,0.00,32.43,0.06,0.02,0.36,0.33,0.05,0.97,32.43,5.45,803.01
,Dry washed urad,124.71,15.66,6.85,3.50,0.73,4.06,27.08,1.89,520.00,444.24,671.86,2050.46,0.00,114.17,57.16,295.79,384.33,0.21,6.77,0.01,0.64,0.09,0.94,0.00,1.46,2.70,0.00,8.45,0.00,28.14,0.07,0.03,0.60,0.87,0.09,0.51,28.14,1.02,355.22
,Mixed dal,61.93,5.79,2.51,3.10,0.34,1.62,11.00,0.78,257.36,371.54,624.55,1869.15,0.00,42.41,19.72,141.36,144.27,0.10,4.24,0.00,0.27,0.11,0.36,0.00,1.36,0.59,0.00,2.16,0.00,13.55,0.04,0.02,0.24,0.23,0.03,0.19,13.55,0.37,107.33
,Whole moong (Moong ki dal),53.70,5.22,2.25,2.56,0.59,2.02,13.58,0.68,223.16,323.93,505.65,1579.20,0.00,37.07,22.53,123.86,149.16,0.11,2.08,0.00,0.21,0.07,0.29,0.00,1.22,1.73,0.00,4.99,0.00,16.17,0.05,0.03,0.30,0.22,0.05,0.39,16.17,3.22,754.66
,Whole masoor (Masoor ki dal),54.05,5.37,2.28,2.52,0.67,1.98,12.20,0.95,224.65,306.59,511.34,1549.67,0.00,29.01,12.74,123.72,112.96,0.10,4.97,0.00,0.26,0.11,0.35,0.00,1.21,3.00,0.00,4.34,0.00,14.07,0.05,0.02,0.33,0.19,0.06,0.42,14.07,3.22,759.04
,Whole moth (Moth ki dal),55.00,5.74,2.01,2.62,0.66,1.85,18.98,0.95,228.59,337.95,509.59,1599.97,0.00,37.86,23.14,125.08,164.84,0.08,1.68,0.00,0.22,0.04,0.23,0.00,1.26,2.31,0.00,5.87,0.00,34.05,0.05,0.01,0.27,0.16,0.04,0.46,34.05,3.22,731.26
,Whole urad (Urad ki dal),53.80,5.05,2.21,2.62,0.57,2.32,13.07,0.78,223.55,324.95,521.67,1601.57,0.00,36.56,21.91,126.12,141.57,0.09,2.51,0.00,0.28,0.05,0.33,0.00,1.22,2.85,0.00,4.65,0.00,15.21,0.04,0.02,0.27,0.39,0.07,0.38,15.21,3.03,672.16
,Moti mahal dal (Urad rajmah mix dal),103.13,8.74,3.93,5.66,1.70,3.38,38.13,1.05,428.47,1001.32,1157.90,3158.37,1.92,74.56,33.51,157.61,246.09,0.13,3.92,0.00,0.35,0.06,0.55,7.52,2.41,4.90,0.00,6.84,0.00,32.48,0.06,0.05,0.45,0.60,0.11,0.88,32.48,5.39,1117.93
,Black channa curry/Bengal gram curry (Kale chane ki curry),140.68,14.11,5.67,6.61,2.36,7.99,53.87,2.43,585.35,773.59,1286.60,3881.21,0.00,87.47,55.36,358.63,388.59,0.27,10.43,0.01,0.95,0.11,1.04,0.00,3.02,5.83,0.00,17.61,0.00,72.87,0.12,0.08,0.90,0.77,0.17,1.36,72.87,12.62,3014.28
,Chickpeas curry (Safed channa curry),163.43,19.98,6.10,6.84,4.78,4.73,30.61,1.82,680.17,811.11,1409.18,3979.53,0.00,83.72,35.09,357.99,334.30,0.23,0.11,0.00,1.31,0.06,0.88,0.00,2.80,5.35,0.00,19.33,0.00,153.92,0.15,0.07,0.76,0.57,0.21,1.13,153.92,13.62,2774.37
,Lobia curry,148.99,17.88,6.06,5.62,2.51,4.57,36.80,2.21,620.13,731.06,1079.10,3434.16,0.00,113.74,68.62,355.41,465.14,0.26,6.10,0.01,0.65,0.15,1.05,0.00,2.77,5.58,0.00,17.52,0.00,72.37,0.11,0.04,0.79,0.54,0.16,2.12,72.37,12.62,2818.90
,Soyabean curry,163.28,6.76,10.43,10.19,2.66,7.34,65.13,2.79,679.92,1411.26,2269.00,6066.17,0.00,144.26,62.61,352.69,563.45,0.26,4.33,0.01,0.84,0.19,1.06,0.00,2.93,22.81,0.00,28.64,0.00,86.63,0.19,0.08,0.95,0.67,0.19,1.32,86.63,12.62,2834.92
,Sambar,96.92,10.57,3.35,4.38,3.31,3.52,30.24,1.24,404.50,1886.49,544.73,1179.96,0.00,59.32,32.16,159.54,298.29,0.20,2.36,0.01,0.28,0.11,0.47,0.00,1.04,3.31,0.00,34.16,0.00,26.51,0.08,0.05,0.53,0.26,0.08,0.78,26.51,7.91,1606.20
,Besan kadhi with pakodies,403.35,3.56,1.64,42.59,0.88,0.81,24.53,0.38,1661.22,5250.47,8747.40,26784.04,0.94,27.83,8.75,60.80,70.21,0.03,0.54,0.00,0.12,0.02,0.16,2.39,20.85,0.39,0.00,10.83,0.00,13.13,0.03,0.04,0.16,0.11,0.04,0.70,13.13,0.71,795.49
,Khatta channa,202.57,21.14,6.30,10.56,4.75,5.26,40.77,1.94,841.56,1251.06,2209.05,6291.16,0.00,86.54,38.76,513.32,344.78,0.25,0.20,0.00,1.53,0.04,0.93,0.00,4.57,6.31,0.00,18.99,0.00,155.50,0.15,0.08,0.75,0.57,0.22,1.04,155.50,13.30,2188.99
,Sprouted moong dal chat,32.47,6.01,1.35,0.32,1.57,1.35,16.54,0.88,135.79,66.64,34.80,122.83,0.00,30.22,17.45,87.07,218.92,0.05,0.32,0.00,0.12,0.00,0.23,0.00,0.06,2.67,0.00,7.24,0.00,16.81,0.05,0.02,0.51,0.29,0.08,1.33,16.81,15.12,1275.90
,Potato cauliflower (Aloo gobhi),106.18,5.99,1.90,8.13,0.44,3.02,22.87,1.07,439.24,1022.19,1605.37,5068.74,0.00,44.46,25.22,254.76,378.78,0.07,0.50,0.01,0.36,0.04,0.31,0.00,3.83,1.05,0.00,13.78,0.00,31.83,0.04,0.05,0.55,0.48,0.12,1.88,31.83,34.77,321.87
,Potato capsicum (Shimla mirch aloo),125.53,8.72,1.41,9.33,0.54,2.02,16.45,0.86,519.38,1146.87,1861.63,5844.49,0.00,35.27,22.01,277.92,364.15,0.09,0.45,0.01,0.32,0.05,0.25,0.00,4.49,0.61,0.00,15.09,0.00,26.40,0.05,0.02,0.79,0.28,0.12,2.30,26.40,53.90,1209.09
,Cabbage and peas (Pattagobhi aur matar),63.88,6.24,3.24,2.64,0.97,3.99,45.50,1.10,265.74,343.88,529.15,1635.28,0.00,40.40,28.59,253.73,255.50,0.10,1.16,0.00,0.46,0.05,0.48,0.00,1.31,4.29,0.00,86.08,0.00,45.68,0.10,0.04,0.59,0.37,0.15,2.16,45.68,32.99,772.20
,Carrot and fenugreek leaves (Gajar methi),61.92,4.17,2.10,3.81,2.11,4.43,128.83,2.72,257.01,516.93,674.71,2342.76,0.00,46.65,37.10,262.91,255.95,0.12,0.62,0.02,0.59,0.01,0.38,0.00,1.81,1.80,0.00,179.39,0.00,42.81,0.07,0.11,0.45,0.36,0.22,2.72,42.81,27.17,10000.72
,Potato fenugreek (Aloo methi),135.15,8.47,2.25,10.04,0.54,2.93,107.80,2.53,559.22,1254.29,1981.55,6304.68,0.00,43.75,38.24,221.93,370.24,0.12,0.84,0.02,0.51,0.01,0.37,0.00,4.87,1.11,0.00,160.01,0.00,35.81,0.07,0.09,0.82,0.38,0.20,2.47,35.81,33.66,4850.61
,Brinjal bhartha (Baingan ka bhartha),65.12,4.40,1.38,4.48,1.82,3.27,17.85,0.48,269.75,567.55,879.61,2773.15,0.00,29.98,20.02,132.15,222.05,0.10,0.06,0.00,0.23,0.01,0.23,0.00,2.13,2.68,0.00,15.39,0.00,28.37,0.05,0.08,0.50,0.28,0.08,1.70,28.37,7.38,1228.76
,Dry potato (Sookhe aloo),103.15,14.38,1.62,4.18,0.33,1.88,17.20,0.83,429.12,504.62,841.34,2550.76,0.00,45.21,26.89,199.99,531.41,0.10,0.73,0.00,0.18,0.03,0.31,0.00,1.92,0.21,0.00,2.92,0.00,14.85,0.06,0.01,1.03,0.36,0.10,1.28,14.85,21.96,244.02
,Beans with coconut (Nariyal aur sem/phali; Beans thoran),131.63,4.39,2.62,11.39,2.06,5.59,51.92,1.34,547.25,4485.79,1551.24,3706.46,0.00,55.02,40.93,271.65,336.81,0.14,0.94,0.01,0.39,0.10,0.44,0.00,3.13,3.65,0.00,24.62,0.00,50.73,0.06,0.07,0.79,0.26,0.34,4.30,50.73,4.03,3596.73
,Cauliflower with coconut (Nariyal ke saath phoolgobhi),132.11,3.99,2.64,11.56,1.71,5.27,35.37,1.33,549.26,4519.36,1559.92,3760.63,0.00,55.98,32.97,286.06,344.84,0.13,1.25,0.01,0.37,0.09,0.40,0.00,3.08,3.29,0.00,24.08,0.00,40.01,0.05,0.08,0.48,0.50,0.14,1.99,40.01,34.63,2661.51
,Carrot and cabbage with coconut (Nariyal ke saath pattagobhi aur gajar),106.61,4.99,1.82,8.62,2.36,4.52,48.63,0.84,443.45,3373.59,1176.92,2822.51,0.00,44.13,26.35,219.60,278.73,0.10,1.30,0.01,0.32,0.07,0.29,0.00,2.38,2.25,0.00,72.10,0.00,36.22,0.04,0.06,0.38,0.26,0.13,1.34,36.22,20.55,4455.77
,Raw turnip with coconut ,132.15,5.78,1.80,11.47,4.40,2.79,50.65,0.82,550.60,4441.12,1543.31,3749.93,0.00,51.75,22.89,275.55,312.07,0.10,1.61,0.00,0.28,0.09,0.26,0.00,3.07,2.41,0.00,14.60,0.00,18.65,0.06,0.04,0.54,0.22,0.10,0.40,18.65,14.48,2641.13
,Raw papaya with coconut (Papaya thoran),132.75,5.58,1.54,11.42,3.82,4.31,33.74,0.82,551.94,4487.37,1573.09,3666.77,0.00,40.45,27.59,270.56,240.52,0.13,1.80,0.01,0.23,0.09,0.25,0.00,3.11,7.63,0.00,16.14,0.00,29.21,0.04,0.06,0.36,0.24,0.07,1.17,29.21,16.97,2994.21
,Stuffed okra (Bharwa bhindi),94.34,3.85,2.08,7.66,0.48,4.15,86.89,1.18,390.01,950.69,1555.76,4732.25,0.00,57.10,64.47,210.03,265.83,0.14,0.95,0.01,0.34,0.06,0.47,0.00,4.03,6.80,0.00,20.60,0.00,57.89,0.04,0.07,0.62,0.26,0.25,1.44,57.89,20.50,1194.30
,Stuffed round gourd (Bharwa tinde),72.80,4.02,1.10,5.75,1.96,2.10,20.21,0.59,301.04,713.94,1164.52,3563.32,0.00,27.09,18.75,180.15,132.68,0.08,0.18,0.00,0.23,0.03,0.22,0.00,2.79,4.97,0.00,12.66,0.00,28.63,0.03,0.02,0.49,0.28,0.08,2.23,28.63,15.05,1954.95
,Stuffed capsicum (Bharwa shimla mirch),90.94,8.26,1.34,5.70,1.21,2.01,15.17,0.61,376.99,710.23,1125.61,3560.84,0.00,32.59,18.80,173.94,312.57,0.08,0.41,0.01,0.22,0.00,0.24,0.00,2.71,0.52,0.00,12.27,0.00,30.56,0.05,0.02,0.71,0.28,0.12,2.70,30.56,59.16,1136.59
,Stuffed brinjal (Bharwa baingan),93.00,3.96,1.53,7.73,0.92,4.09,24.37,0.75,384.41,950.15,1564.30,4757.68,0.00,34.47,23.60,212.88,250.79,0.12,0.04,0.01,0.22,0.05,0.25,0.00,3.63,0.99,0.00,13.34,0.00,30.89,0.06,0.11,0.55,0.29,0.07,1.60,30.89,2.04,366.32
,Stuffed tomatoes (Bharwa tamatar),93.35,6.19,3.28,6.06,2.68,2.20,59.16,0.62,387.69,1394.51,1334.50,2965.78,0.00,54.52,18.83,165.85,202.88,0.08,2.40,0.01,0.17,0.02,0.51,0.00,2.35,8.16,0.00,22.42,0.00,27.61,0.06,0.03,0.57,0.29,0.09,3.33,27.61,20.83,4231.00
,Pea potato curry (Aloo matar),100.92,9.74,3.48,5.13,1.86,3.61,21.10,1.02,419.09,631.82,1031.29,3196.23,0.00,40.52,27.53,154.83,274.26,0.13,0.80,0.00,0.35,0.03,0.56,0.00,2.55,7.12,0.00,24.68,0.00,31.77,0.13,0.02,0.85,0.42,0.13,2.44,31.77,25.24,1722.54
,Pea paneer curry (Matar paneer),134.83,9.29,6.61,7.75,3.89,3.30,105.20,1.08,560.98,2219.72,1804.05,3252.12,0.00,92.18,27.99,157.34,188.18,0.14,4.83,0.02,0.35,0.03,1.01,0.00,2.54,7.11,0.00,24.29,0.00,45.80,0.12,0.04,0.69,0.44,0.12,5.99,45.80,21.07,1720.01
,Pea mushroom curry (Matar mushroom),93.30,7.41,3.87,5.16,1.82,3.86,22.70,0.97,387.18,635.30,1030.03,3220.39,0.00,48.39,26.49,155.48,234.06,0.13,0.66,0.00,0.35,0.03,0.54,0.00,2.54,10.79,0.00,26.55,0.00,30.47,0.12,0.03,0.79,0.43,0.14,3.86,30.47,21.07,1685.04
,Pea curry (Matar ki sabzi),102.99,9.20,4.51,5.11,1.98,4.44,24.48,1.20,427.75,627.39,1033.98,3183.12,0.00,42.77,30.42,154.75,221.62,0.16,0.96,0.00,0.41,0.03,0.71,0.00,2.57,9.41,0.00,32.27,0.00,38.85,0.16,0.03,0.90,0.47,0.15,2.92,38.85,27.99,1916.89
,Pea vadi curry,101.95,8.90,4.64,5.08,1.92,4.28,23.62,1.20,423.44,622.96,1025.84,3141.94,0.00,44.59,30.16,149.51,216.10,0.16,0.92,0.00,0.41,0.03,0.71,0.00,2.52,9.08,0.00,31.14,0.00,38.02,0.16,0.03,0.87,0.46,0.15,2.82,38.02,27.02,1850.25
,Paneer curry,176.52,8.40,7.80,12.38,6.29,1.40,189.06,0.81,734.21,4126.76,2989.88,4484.07,0.00,139.48,21.83,216.09,142.72,0.09,8.68,0.04,0.27,0.04,1.18,0.00,3.38,3.37,0.00,11.45,0.00,47.23,0.03,0.05,0.33,0.33,0.08,8.81,47.23,9.90,1745.97
,Lotus stem curry (Kamal kakdi curry),110.34,9.24,1.53,7.25,2.09,3.14,26.59,1.71,457.31,938.16,1427.13,4474.81,0.00,44.69,21.82,217.05,345.65,0.14,1.81,0.01,0.74,0.04,0.29,0.00,3.64,3.43,0.00,27.92,0.00,22.46,0.05,0.03,0.44,0.22,0.14,2.07,22.46,19.77,1731.88
,Gravy for kofta,125.59,6.31,1.75,10.35,3.73,1.96,39.65,0.75,519.40,1434.63,2113.44,6283.28,1.18,42.51,19.19,312.86,199.42,0.08,0.37,0.00,0.33,0.05,0.31,3.02,4.90,4.79,0.00,16.19,0.00,19.82,0.04,0.05,0.41,0.26,0.10,1.73,19.82,12.25,2403.21
,Pea kofta curry (Matar kofta curry),595.66,4.17,2.01,63.39,0.88,1.70,13.84,0.56,2451.23,7648.10,13003.86,40099.15,0.21,21.50,12.23,83.07,88.85,0.07,0.43,0.00,0.17,0.01,0.29,0.54,31.22,3.34,0.00,15.41,0.00,16.54,0.07,0.02,0.35,0.19,0.06,1.19,16.54,9.57,682.24
,Spinach kofta curry (Palak kofta curry),571.78,3.56,1.09,61.49,0.82,0.92,29.31,0.83,2353.02,7427.78,12579.95,38832.86,0.20,17.90,20.78,104.51,158.65,0.06,0.75,0.01,0.29,0.01,0.17,0.52,30.40,0.88,0.00,67.09,0.00,31.12,0.05,0.03,0.21,0.09,0.05,1.07,31.12,7.94,2201.10
,Paneer kofta curry,670.91,3.27,2.39,72.06,1.98,0.40,59.49,0.34,2761.29,9450.37,14918.83,44643.90,0.24,44.26,7.07,121.72,48.29,0.03,2.55,0.01,0.08,0.01,0.36,0.60,34.68,0.97,0.00,7.57,0.00,13.94,0.01,0.02,0.10,0.10,0.02,2.60,13.94,2.43,504.73
,Lotus stem kofta curry (Kamal kakdi kofta curry),633.56,5.01,0.96,67.76,0.88,1.01,19.31,0.65,2607.51,8177.68,13870.18,42798.11,0.23,20.67,7.80,108.61,109.38,0.05,0.87,0.00,0.23,0.01,0.13,0.57,33.33,0.95,0.00,11.86,0.00,7.90,0.03,0.02,0.20,0.07,0.04,0.62,7.90,5.28,483.08
,Raw banana kofta curry (Kela kofta curry),627.27,3.40,0.62,67.98,2.30,0.59,9.23,0.28,2580.81,8205.31,13944.75,43014.20,0.23,12.07,6.84,88.40,71.35,0.03,0.10,0.00,0.11,0.01,0.09,0.58,33.46,0.92,0.00,7.41,0.00,6.42,0.02,0.02,0.17,0.09,0.05,0.61,6.42,3.25,472.07
,Cauliflower kofta curry (Phoolgobhi kofta curry),641.10,2.62,1.04,69.62,0.83,1.00,12.26,0.40,2637.44,8405.75,14273.88,44035.94,0.23,18.15,7.82,93.65,82.16,0.03,0.20,0.00,0.13,0.01,0.13,0.59,34.23,1.08,0.00,9.19,0.00,12.59,0.02,0.02,0.16,0.14,0.04,0.77,12.59,7.59,486.17
,Cabbage kofta curry (Pattagobhi kofta curry),639.81,2.87,0.98,69.40,0.89,0.90,15.46,0.34,2632.23,8374.77,14234.40,43899.34,0.23,16.56,7.32,92.85,72.21,0.03,0.28,0.00,0.12,0.01,0.11,0.59,34.14,0.97,0.00,19.54,0.00,12.68,0.02,0.02,0.16,0.10,0.04,0.65,12.68,6.11,508.21
,Ghiya/Lauki Kofta Curry,638.71,2.71,0.89,69.40,0.82,0.83,11.64,0.33,2627.60,8374.23,14231.61,43896.56,0.23,15.07,6.58,91.43,60.75,0.03,0.36,0.00,0.12,0.01,0.11,0.59,34.14,1.02,0.00,7.88,0.00,12.22,0.02,0.01,0.14,0.14,0.03,0.77,12.22,3.07,489.50
,Spinach paneer kofta curry (Palak paneer kofta curry),606.03,2.94,1.43,65.41,1.16,0.75,37.71,0.68,2493.70,8131.10,13438.53,41051.05,0.22,25.35,16.59,99.37,125.10,0.05,1.26,0.01,0.23,0.01,0.23,0.55,32.05,0.91,0.00,49.58,0.00,25.96,0.03,0.03,0.16,0.09,0.04,1.55,25.96,6.21,1704.15
,Vegetarian egg kofta curry,627.41,4.26,1.33,67.24,1.19,0.64,28.39,0.39,2581.90,8348.13,13824.47,42217.56,0.22,26.30,8.05,95.89,104.04,0.04,1.08,0.00,0.10,0.02,0.20,0.57,32.82,0.94,0.00,7.40,0.00,9.15,0.02,0.02,0.23,0.11,0.03,1.18,9.15,4.80,487.14
,Baked vegetables,88.99,8.44,3.67,4.44,2.56,2.34,80.20,0.62,371.43,2685.07,1146.21,231.80,8.27,90.12,19.93,124.70,221.88,0.07,0.91,0.00,0.16,0.01,0.52,32.53,0.22,3.50,0.00,13.66,0.00,25.52,0.08,0.07,0.48,0.40,0.12,2.58,25.52,15.55,1693.73
,Cauliflower musallam (Phoolgobhi musallam),58.83,4.48,1.89,3.55,1.71,3.06,24.61,0.83,244.37,469.28,672.07,2159.21,0.00,39.61,20.87,123.36,266.34,0.06,0.45,0.01,0.26,0.02,0.29,0.00,1.61,3.03,0.00,15.17,0.00,35.56,0.04,0.05,0.38,0.46,0.12,2.12,35.56,33.08,1145.39
,Baked vegetables with spinach ,77.79,6.93,3.22,4.03,2.09,2.33,78.63,1.16,324.45,2163.45,986.69,546.36,6.55,74.08,35.62,122.85,314.32,0.10,1.16,0.01,0.39,0.01,0.50,26.67,0.70,2.61,0.00,86.85,0.00,52.72,0.09,0.08,0.43,0.35,0.12,2.93,52.72,18.64,3474.59
,Baked potato with skin ,135.77,11.11,3.43,8.50,1.66,1.20,90.06,0.50,563.80,5243.81,2214.89,380.72,21.72,121.89,21.18,354.50,392.71,0.07,1.18,0.00,0.12,0.02,0.51,86.95,0.26,0.20,0.00,2.52,0.00,12.75,0.05,0.06,0.69,0.37,0.08,1.80,12.75,15.15,225.93
,Shepherd's pie (vegetarian),135.63,12.03,5.04,7.30,2.78,2.23,85.59,0.76,564.33,4094.25,1874.45,763.45,10.62,86.23,25.04,118.20,332.08,0.11,3.94,0.02,0.20,0.00,0.77,47.78,0.54,2.58,0.00,10.15,0.00,33.41,0.09,0.04,0.78,0.42,0.10,4.65,33.41,19.09,426.80
,Baked brinjal in tomato sauce,38.63,4.13,1.58,1.62,2.20,2.34,26.24,0.32,161.02,423.59,344.28,726.70,0.00,31.14,15.57,79.66,187.99,0.07,0.70,0.01,0.13,0.00,0.24,0.00,0.61,7.24,0.00,18.44,0.00,24.14,0.05,0.05,0.49,0.24,0.08,1.98,24.14,15.87,3493.72
,Dum aloo,682.33,3.33,0.70,74.01,0.71,0.68,16.49,0.36,2806.84,9067.48,15158.94,46646.23,0.49,19.14,8.63,183.85,119.55,0.04,0.34,0.00,0.15,0.04,0.12,1.25,36.27,0.28,0.00,6.80,0.00,5.13,0.02,0.02,0.21,0.10,0.03,0.47,5.13,4.38,103.90
,Spinach paneer (Palak paneer),77.68,4.43,4.03,4.76,2.55,1.91,113.25,1.85,323.55,1587.57,1101.39,1711.86,0.00,69.62,54.13,166.87,386.63,0.13,4.23,0.03,0.71,0.01,0.68,0.00,1.83,2.31,0.00,170.45,0.00,90.37,0.10,0.07,0.34,0.25,0.11,5.39,90.37,20.38,5906.13
,Methi chaman,475.62,2.78,1.54,50.91,1.79,0.53,60.57,0.63,1957.78,6884.08,10537.24,31291.37,0.00,41.04,12.51,54.94,115.42,0.04,0.54,0.01,0.14,0.01,0.19,0.00,24.42,0.17,0.00,41.01,0.00,14.16,0.03,0.06,0.14,0.18,0.05,1.21,14.16,6.32,1205.41
,Sarson ka saag,87.84,5.33,3.00,5.86,0.75,3.69,134.41,2.43,364.17,3303.10,1432.99,570.51,13.24,61.91,55.11,165.45,399.56,0.20,5.07,0.03,0.67,0.02,0.65,50.77,0.86,4.37,0.00,176.60,0.00,90.78,0.09,0.16,0.57,0.26,0.16,2.01,90.78,42.12,5512.58
,Jackfruit sabzi (Kathal ki sabzi),625.40,3.40,0.69,67.60,2.59,1.02,9.85,0.27,2572.48,8126.67,13872.31,42800.21,0.00,8.83,8.88,58.95,80.75,0.05,0.03,0.00,0.12,0.01,0.08,0.00,33.29,2.18,0.00,13.52,0.00,8.90,0.02,0.01,0.15,0.07,0.06,0.95,8.90,3.91,479.51
,Avial,124.56,8.47,2.46,8.94,3.83,5.44,31.90,1.01,520.92,6227.57,550.74,219.96,0.00,60.03,36.40,81.50,378.30,0.21,3.90,0.01,0.40,0.05,0.40,0.00,1.04,2.23,0.00,89.50,0.00,32.27,0.05,0.04,0.55,0.29,0.17,2.70,32.27,28.25,1270.84
,Al yakhani,147.54,4.65,2.86,13.14,3.56,1.27,103.88,0.46,610.80,2256.26,2791.78,7477.29,4.74,84.26,18.73,206.24,198.35,0.04,1.71,0.00,0.46,0.02,0.42,12.07,5.77,0.69,0.00,3.07,0.00,26.19,0.05,0.12,0.20,0.46,0.06,2.25,26.19,2.33,57.56
,Shahi paneer,156.50,6.64,5.06,12.34,5.01,1.40,125.38,0.62,649.74,7253.38,3336.88,668.64,23.70,97.37,18.29,215.35,170.60,0.07,4.74,0.02,0.24,0.02,0.76,92.19,0.66,4.90,0.00,13.53,0.00,30.30,0.04,0.07,0.45,0.28,0.09,5.26,30.30,11.89,2763.73
,Paneer in butter sauce,145.61,9.70,6.99,8.81,7.49,1.50,170.59,0.85,607.50,5258.02,2378.26,392.42,9.90,126.58,23.01,151.45,158.34,0.09,7.45,0.04,0.41,0.02,1.06,45.94,0.20,4.28,0.00,12.88,0.00,41.32,0.04,0.06,0.36,0.31,0.08,7.71,41.32,11.49,2146.72
,Methi malai paneer,194.98,8.15,7.34,14.76,6.00,1.47,183.96,0.77,810.16,5462.57,3671.44,4730.85,7.11,135.40,22.08,221.16,125.72,0.09,6.59,0.03,0.45,0.04,1.06,37.62,3.61,1.77,0.00,17.20,0.00,38.20,0.06,0.09,0.28,0.39,0.07,7.23,38.20,7.03,602.57
,Chilli paneer,777.51,3.31,2.10,84.01,1.50,0.50,42.90,0.36,3199.66,10750.48,17529.38,52208.83,0.34,38.62,8.81,89.04,54.25,0.05,2.31,0.01,0.06,0.01,0.32,0.88,40.54,0.42,0.00,8.62,0.00,9.67,0.02,0.02,0.18,0.08,0.02,1.87,9.67,1.64,1217.75
,Paneer makhana korma,775.82,4.63,3.24,82.76,1.84,0.21,72.89,0.55,3194.04,11231.25,17613.41,50403.82,1.58,81.40,20.51,77.01,95.39,0.09,3.76,0.01,0.16,0.03,0.50,6.77,38.98,0.21,0.00,6.30,0.00,15.53,0.05,0.02,0.13,0.13,0.04,2.53,15.53,0.11,89.58
,Kadhai Paneer,107.99,7.34,4.33,6.81,5.54,2.07,91.53,0.65,449.91,1950.52,1574.98,2863.85,0.00,80.68,22.40,144.33,290.81,0.12,3.87,0.02,0.23,0.01,0.66,0.00,2.84,4.08,0.00,12.01,0.00,36.81,0.16,0.05,0.80,0.25,0.12,5.52,36.81,26.98,2379.68
,Roghan josh,139.59,4.93,9.56,9.02,2.66,2.08,112.33,1.77,582.69,622.68,707.05,1802.96,1.40,106.87,21.00,204.31,294.04,0.08,0.78,0.01,0.71,0.11,0.30,3.56,1.35,2.76,0.00,13.33,0.00,15.40,0.11,0.12,3.22,0.19,0.07,1.18,15.40,5.26,2383.17
,Spinach mutton (Palak mutton),80.32,3.45,5.74,4.71,1.42,2.23,96.88,2.38,335.43,396.51,365.38,1027.28,0.68,68.66,54.93,121.10,464.28,0.12,1.45,0.02,0.92,0.05,0.38,1.73,1.32,1.47,0.00,173.65,0.00,80.52,0.14,0.11,1.73,0.20,0.11,2.70,80.52,18.13,6071.28
,Pea keema curry (Matar keema ki sabzi),133.00,6.24,8.43,8.14,1.82,2.96,35.60,1.35,553.15,2401.20,2411.70,2748.27,22.87,89.75,27.29,148.38,252.63,0.12,1.24,0.00,0.54,0.03,1.48,2.68,2.10,5.88,0.00,19.99,0.00,24.76,0.13,0.08,1.95,0.57,0.16,2.48,24.76,16.18,1356.01
,Keema kofta curry,154.45,5.64,9.77,10.39,2.14,1.51,49.89,1.25,643.38,3273.04,3229.65,2994.87,57.79,118.72,22.07,311.51,251.56,0.08,4.44,0.00,0.41,0.04,1.65,19.41,2.27,2.28,0.06,8.13,1.10,15.98,0.08,0.12,2.11,0.60,0.15,3.04,15.98,5.87,1054.57
,Kashmiri mutton koftas (Gushtaba),97.42,3.04,6.33,6.77,2.13,0.62,52.53,0.85,405.60,2896.49,2194.37,1102.68,25.31,86.43,15.88,130.11,171.55,0.05,0.95,0.00,0.40,0.02,1.14,18.05,0.79,0.32,0.00,1.14,0.00,7.39,0.05,0.10,1.41,0.36,0.09,1.32,7.39,1.06,49.88
,Mutton yakhni,104.13,0.84,8.27,7.70,0.13,0.67,88.61,1.66,434.62,239.48,472.15,1137.71,0.00,72.01,8.54,101.02,154.30,0.02,0.12,0.00,0.71,0.02,0.10,0.00,0.86,0.44,0.00,1.41,0.00,2.81,0.09,0.07,3.07,0.01,0.01,0.04,2.81,0.04,19.19
,Chicken yakhni,99.00,0.78,10.66,6.10,0.12,0.62,28.24,0.93,413.28,608.83,906.32,1222.13,29.29,91.52,17.47,97.38,175.38,0.15,8.94,0.00,0.67,0.02,0.47,3.31,0.93,0.40,0.66,1.30,13.23,5.25,0.06,0.03,3.96,0.56,0.26,1.99,5.25,0.04,14.10
,Mutton do piaza,183.30,4.14,9.39,14.41,2.90,1.93,118.61,1.63,762.28,5648.94,2965.96,673.42,77.86,120.41,18.38,118.62,240.92,0.07,6.76,0.00,0.52,0.02,0.50,110.97,0.75,0.48,0.13,4.79,2.22,20.46,0.09,0.13,2.28,0.41,0.08,3.93,20.46,2.25,357.27
,Mutton chops,663.64,1.48,4.03,71.31,0.42,0.17,36.18,0.64,2732.12,8390.57,14216.69,43506.75,13.32,39.65,2.32,51.03,70.56,0.02,1.67,0.00,0.04,0.00,0.09,7.68,33.85,0.04,0.03,4.62,0.52,4.77,0.04,0.04,1.23,0.08,0.02,0.77,4.77,1.07,23.11
,Scotch egg,676.89,1.91,4.05,72.62,0.30,0.36,15.03,0.60,2786.45,9440.14,15346.36,44593.11,48.59,48.31,6.80,90.67,72.34,0.04,4.86,0.00,0.13,0.01,0.57,22.43,34.71,0.13,0.09,6.03,1.60,8.94,0.03,0.05,0.62,0.29,0.05,2.39,8.94,0.76,82.20
,Shepherd's pie (with minced meat),142.78,8.06,7.45,8.88,1.70,1.05,21.30,0.84,593.85,4273.49,2828.23,1052.16,33.31,92.81,20.37,197.25,357.88,0.08,1.08,0.00,0.10,0.01,1.35,36.13,0.70,0.19,0.00,1.89,0.00,11.21,0.09,0.08,2.10,0.52,0.12,1.70,11.21,10.31,139.26
,Tandoori chicken,145.20,2.34,16.26,7.93,1.58,0.50,44.33,0.90,607.17,990.24,1050.46,1025.32,44.25,154.07,22.02,158.00,287.21,0.21,13.24,0.00,0.17,0.02,0.71,8.72,0.77,0.20,0.96,1.57,19.29,12.68,0.09,0.09,5.70,0.91,0.41,3.42,12.68,2.74,69.37
,Butter chicken,137.00,3.74,10.92,8.70,2.37,1.32,25.28,0.92,571.18,3047.65,1620.51,424.98,39.26,102.52,23.27,26.21,319.53,0.20,8.61,0.00,0.27,0.01,0.51,48.98,0.82,3.58,0.63,9.53,12.63,14.84,0.14,0.05,4.13,0.62,0.30,2.99,14.84,11.86,1884.16
,Chicken kebab,729.41,1.11,3.71,78.89,0.24,0.21,3.46,0.28,3001.14,9436.36,16046.74,49118.18,9.94,31.71,5.24,69.76,62.67,0.06,3.02,0.00,0.08,0.01,0.15,1.12,38.19,0.16,0.22,5.52,4.49,3.09,0.02,0.01,1.33,0.21,0.09,0.78,3.09,0.33,11.32
,Chilli chicken,198.83,2.86,9.57,16.56,0.93,0.99,12.97,0.66,823.97,1902.34,3048.34,8403.86,23.87,84.35,16.48,223.75,207.30,0.14,8.20,0.00,0.17,0.01,0.39,2.70,6.50,1.53,0.58,6.13,10.78,13.33,0.05,0.04,3.34,0.61,0.25,2.98,13.33,14.27,312.17
,Fried chicken with tomato sauce (Fried chicken tamatar ki chutney kay saath),125.03,2.51,11.48,7.61,1.16,1.13,16.09,0.64,521.48,881.22,1099.94,1993.20,31.09,101.91,17.77,107.56,242.34,0.17,9.42,0.00,0.09,0.01,0.49,3.52,1.59,3.79,0.70,11.02,14.04,14.07,0.07,0.04,4.27,0.68,0.31,2.69,14.07,8.71,2774.02
,Fish curry (Machli curry),111.13,3.77,8.76,6.69,2.02,1.89,52.06,1.09,461.62,1587.29,2191.97,3792.81,19.22,101.87,24.11,184.71,241.98,0.08,20.64,0.01,0.70,0.08,0.53,2.63,3.64,3.00,0.33,8.35,0.41,15.93,0.03,0.04,1.16,0.61,0.15,0.90,15.93,8.85,1231.96
,Fried fish and Chips (English Style) (Tali hui machli aur chips),651.75,2.77,3.36,69.69,0.17,0.29,6.56,0.26,2682.09,8701.07,14320.40,43724.44,12.51,40.20,8.05,72.73,90.72,0.03,5.08,0.00,0.04,0.01,0.15,7.89,34.08,0.47,0.10,5.39,0.40,4.54,0.02,0.01,0.33,0.23,0.04,0.47,4.54,3.18,202.62
,Tomato fish,489.79,3.18,2.39,51.91,1.35,0.72,6.46,0.24,2015.88,6631.00,10659.68,32431.61,5.17,31.48,9.64,91.47,115.54,0.04,3.11,0.00,0.07,0.00,0.13,7.09,25.29,2.56,0.06,9.56,0.10,7.94,0.02,0.01,0.35,0.21,0.05,0.55,7.94,7.76,1270.90
,Baked fish with cheese sauce,113.96,4.06,8.64,7.02,3.22,0.08,115.64,0.26,475.32,4187.38,1786.80,454.57,21.37,170.77,16.84,209.48,158.51,0.04,9.25,0.01,0.03,0.01,0.54,43.90,0.55,0.11,0.17,0.49,0.28,8.30,0.04,0.09,0.46,0.56,0.07,1.53,8.30,2.82,136.30
,Fish tikka,117.33,3.91,16.00,4.15,1.18,1.18,31.98,1.41,489.08,807.20,800.24,2221.32,32.73,178.14,35.50,503.44,296.43,0.13,45.21,0.01,0.23,0.02,0.63,11.51,1.91,0.45,0.15,2.74,3.70,13.02,0.07,0.09,2.06,1.08,0.14,4.63,13.02,2.54,160.26
,Tandoori fish,95.98,2.37,11.19,4.64,1.60,0.58,37.27,0.46,400.97,1838.98,952.48,1468.22,23.41,138.54,24.80,123.94,226.36,0.05,16.08,0.01,0.14,0.01,0.43,19.21,1.43,1.41,0.33,3.59,0.53,11.79,0.05,0.05,0.88,0.71,0.11,0.56,11.79,8.42,658.16
,"Paneer, apple and pineapple salad",95.08,8.35,3.88,5.07,6.36,1.65,103.05,0.84,397.42,2554.73,1275.31,895.37,6.52,86.94,22.73,176.63,185.05,0.09,4.11,0.02,0.32,0.34,0.61,31.24,0.22,1.68,0.00,21.05,0.00,26.04,0.04,0.09,0.20,0.26,0.09,4.20,26.04,9.81,2073.10
,Russian salad,114.83,6.50,4.26,7.84,1.66,2.57,34.92,1.23,476.71,1490.31,4045.25,1726.66,64.49,64.31,24.52,101.09,254.54,0.10,7.64,0.01,0.32,0.01,0.57,50.62,1.94,2.36,0.13,24.01,2.31,32.96,0.08,0.08,0.50,0.50,0.15,4.93,32.96,15.66,2270.96
,Pasta salad,190.36,12.70,4.15,13.92,2.60,0.96,66.74,0.81,792.54,2680.76,7319.93,3098.98,12.70,74.81,20.16,152.31,162.16,0.08,5.45,0.02,0.19,0.01,0.57,33.49,3.32,1.91,0.00,16.94,0.00,26.21,0.05,0.06,0.71,0.32,0.09,3.69,26.21,17.98,2034.82
,Deviled egg,98.56,2.23,4.97,7.72,0.82,1.15,36.84,1.51,409.48,1331.70,3958.76,1711.92,118.13,76.96,21.30,117.29,185.41,0.08,14.37,0.01,0.17,0.02,0.59,66.85,1.93,3.82,0.26,35.48,4.57,30.29,0.05,0.10,0.25,0.56,0.11,6.77,30.29,11.53,4136.37
,Hawain salad,175.23,14.35,4.27,11.37,5.24,3.93,61.03,1.12,733.88,6350.95,2596.90,469.20,4.24,72.06,27.74,64.92,204.64,0.16,3.83,0.01,0.52,0.01,0.65,22.41,0.72,1.97,0.00,25.04,0.00,31.73,0.08,0.06,0.55,0.31,0.12,3.21,31.73,13.28,2220.59
,Mixed pulse and vegetable salad,83.12,13.96,4.74,0.84,1.36,2.96,51.63,2.13,349.23,137.12,120.56,442.36,0.00,93.24,49.99,127.78,442.65,0.23,4.05,0.01,0.52,0.06,0.78,0.00,0.31,2.77,0.00,32.48,0.00,62.14,0.10,0.07,0.72,0.51,0.13,1.61,62.14,14.02,2388.85
,Sprouted moong salad ,37.81,5.48,2.29,0.74,2.13,0.95,54.56,1.45,158.65,354.69,160.55,165.36,1.62,55.09,22.92,116.38,254.18,0.06,1.73,0.01,0.18,0.02,0.39,4.12,0.05,1.82,0.00,25.53,0.00,24.42,0.06,0.08,0.42,0.24,0.09,1.25,24.42,13.67,2753.77
,Tossed salad,62.96,4.95,1.02,4.22,1.56,2.15,32.37,0.86,261.03,630.66,2940.80,449.89,0.00,29.21,17.76,77.50,232.98,0.06,0.96,0.01,0.16,0.01,0.23,0.00,0.25,1.07,0.00,29.23,0.00,29.23,0.04,0.03,0.31,0.15,0.09,2.10,29.23,25.13,2432.12
,Mixed vegetable salad with curd sauce,60.28,7.03,4.23,1.50,2.16,3.79,65.51,1.35,252.12,880.42,364.96,160.55,4.09,67.79,32.94,116.66,267.24,0.13,1.91,0.01,0.31,0.03,0.67,17.41,0.15,5.01,0.00,36.95,0.00,40.08,0.13,0.09,0.66,0.42,0.18,3.32,40.08,17.52,3408.86
,Potato salad (Aloo ka salaad),89.91,11.19,1.40,4.40,3.94,1.32,25.61,0.99,374.93,572.78,1642.09,1890.56,0.00,38.47,21.31,125.01,347.45,0.08,1.17,0.01,0.17,0.01,0.30,0.00,1.16,0.26,0.00,20.38,0.00,22.34,0.05,0.03,0.61,0.24,0.09,1.56,22.34,24.91,1542.14
,Waldroff salad,141.75,11.02,1.47,10.05,8.23,1.87,29.29,1.07,588.94,2201.58,3984.38,3304.80,9.87,37.10,19.23,13.42,192.86,0.12,1.19,0.01,0.25,0.36,0.30,29.03,1.67,2.70,0.00,14.23,0.00,16.48,0.05,0.04,0.27,0.14,0.09,1.07,16.48,8.69,953.58
,Coleslaw,76.71,5.59,1.24,5.32,3.62,2.34,37.00,0.63,318.36,1160.77,2611.75,1217.26,6.42,32.26,13.13,29.87,207.70,0.05,0.36,0.00,0.16,0.56,0.22,22.92,1.22,0.74,0.00,28.90,0.00,27.53,0.04,0.04,0.25,0.20,0.10,1.11,27.53,15.07,3281.21
,Fruit salad (Phalon ka salaad),78.14,15.96,0.91,1.22,9.78,1.58,25.93,0.81,328.70,684.54,271.85,165.14,2.71,23.11,17.56,7.11,178.27,0.07,1.19,0.01,0.27,0.28,0.18,14.36,0.12,1.11,0.00,19.71,0.00,14.93,0.04,0.04,0.19,0.14,0.11,1.41,14.93,17.25,1660.97
,Tomato onion raita (Tamatar aur pyaaz ka raita),59.00,7.08,3.74,1.84,5.98,0.97,120.62,0.26,248.26,1103.28,475.87,125.38,6.19,106.97,18.22,165.21,237.73,0.04,1.20,0.00,0.08,0.01,0.50,15.76,0.09,2.85,0.00,6.85,0.00,19.57,0.05,0.16,0.32,0.38,0.10,2.23,19.57,8.47,1379.49
,Peanut raita (Mungfali ka raita),150.39,9.30,8.59,8.98,7.11,1.89,174.60,0.74,631.24,2892.84,3657.71,2000.90,8.97,204.42,49.52,235.83,351.78,0.16,2.19,0.00,0.28,0.10,1.11,22.83,0.75,1.22,0.00,1.18,0.00,29.90,0.14,0.24,2.06,0.58,0.13,2.39,29.90,2.11,86.34
,Sprouted moong raita ,60.89,6.13,4.62,2.19,5.59,0.16,139.44,0.86,256.20,1290.27,569.54,155.70,7.21,125.15,18.57,189.20,208.77,0.01,1.32,0.00,0.05,0.01,0.57,18.34,0.04,0.05,0.00,0.62,0.00,17.68,0.07,0.20,0.26,0.41,0.10,1.71,17.68,2.35,73.59
,Bottle gourd raita (Ghiya/Lauki ka raita),56.31,5.76,3.98,2.07,5.25,0.85,138.26,0.23,237.21,1271.09,537.94,111.47,7.21,118.27,17.56,188.37,234.32,0.02,1.90,0.00,0.06,0.01,0.52,18.34,0.04,0.30,0.00,1.31,0.00,25.87,0.05,0.18,0.21,0.52,0.08,2.55,25.87,3.12,89.68
,Cucumber raita (Kheere ka raita),59.13,6.35,4.04,2.08,5.22,0.86,138.58,0.29,249.00,1278.53,540.25,112.44,7.21,122.31,20.66,189.96,253.64,0.02,1.37,0.00,0.04,0.01,0.53,18.34,0.04,0.47,0.00,3.31,0.00,17.63,0.05,0.18,0.28,0.48,0.09,2.64,17.63,3.70,114.53
,Carrot and spinach raita (Gajar aur palak ka raita),56.83,5.83,4.00,1.99,4.93,1.39,142.57,1.04,239.15,1144.41,476.26,197.95,6.19,112.35,38.85,180.79,380.75,0.06,1.75,0.01,0.36,0.02,0.57,15.76,0.43,0.31,0.00,94.58,0.00,53.76,0.09,0.19,0.27,0.39,0.12,2.85,53.76,10.86,4058.14
,Mint raita (Pudinay ka raita),77.59,7.65,5.64,2.96,7.48,0.34,198.22,0.37,326.97,1836.58,783.20,138.29,10.51,166.11,22.50,274.38,292.83,0.01,2.13,0.00,0.04,0.04,0.71,26.75,0.06,0.14,0.00,4.04,0.00,19.70,0.06,0.27,0.25,0.49,0.11,2.54,19.70,2.81,442.55
,Potato raita (Aloo ka raita),75.38,10.24,4.22,2.04,5.08,0.75,132.31,0.34,316.95,1232.83,524.58,132.34,6.98,124.59,21.94,183.37,376.28,0.04,1.54,0.00,0.06,0.01,0.56,17.76,0.06,0.12,0.00,1.34,0.00,17.14,0.06,0.18,0.52,0.45,0.11,2.13,17.14,9.72,129.23
,Boondi raita,687.72,3.96,2.19,73.83,1.88,0.46,49.00,0.24,2831.04,9220.10,15189.89,46338.53,2.51,47.88,7.40,99.18,79.71,0.02,0.61,0.00,0.07,0.00,0.23,6.39,36.03,0.01,0.00,5.21,0.00,11.50,0.03,0.07,0.14,0.16,0.04,0.91,11.50,0.24,33.47
,Sweet raita (Meetha raita),99.24,17.93,3.24,1.78,15.36,1.02,108.91,0.21,418.63,1052.08,427.02,146.15,5.73,94.58,16.72,42.98,233.29,0.03,1.16,0.00,0.07,0.44,0.42,14.58,0.08,0.41,0.00,1.29,0.00,12.97,0.04,0.15,0.24,0.34,0.14,1.68,12.97,2.71,111.20
,Dahi vadas/Dahi bhalla,667.73,5.49,2.96,70.40,1.78,0.97,49.03,0.49,2748.73,8800.36,14475.98,44186.95,2.39,65.23,17.84,79.00,152.37,0.06,2.18,0.00,0.14,0.01,0.38,6.10,34.32,0.66,0.00,6.15,0.00,10.63,0.03,0.07,0.19,0.33,0.04,0.65,10.63,0.33,80.60
,Gunjia,667.34,5.68,2.98,70.28,2.05,1.13,48.16,0.50,2747.77,9274.23,14321.06,43565.33,2.36,65.47,17.83,77.90,154.16,0.06,2.15,0.00,0.13,0.01,0.38,6.01,33.88,0.62,0.00,5.60,0.00,10.91,0.03,0.07,0.19,0.32,0.04,0.63,10.91,0.29,42.55
,Saunth/Sonth chutney with tamarind/imli,141.53,33.55,1.01,0.15,31.31,0.93,54.74,2.71,592.16,32.10,43.79,46.68,0.00,38.95,46.27,244.38,267.27,0.10,0.30,0.01,0.29,0.05,0.23,0.00,0.03,3.79,0.00,0.95,0.00,5.61,0.06,0.02,0.27,0.09,0.22,0.26,5.61,0.54,83.59
,Makhana kheer,107.85,12.88,3.31,5.00,11.54,0.11,111.64,0.28,452.85,2878.30,1437.95,232.53,1.77,100.56,13.39,23.40,139.35,0.05,0.90,0.00,0.13,0.02,0.34,6.63,0.34,0.09,0.00,0.05,0.00,8.55,0.04,0.10,0.12,0.33,0.05,1.80,8.55,1.82,195.00
,Vermicelli kheer (Semiya/Seviyan ki kheer),120.07,15.87,3.35,5.00,12.79,0.50,104.80,0.30,504.28,2855.31,1450.34,229.31,2.12,90.34,10.67,22.52,116.57,0.05,1.46,0.00,0.06,0.03,0.35,7.93,0.36,0.16,0.00,0.09,0.00,7.01,0.03,0.10,0.12,0.32,0.04,1.78,7.01,1.74,190.27
,Semolina kheer (Suji/Rava kheer),113.21,15.88,3.43,4.20,12.88,0.51,105.99,0.34,476.14,2374.73,1241.54,198.45,0.00,91.64,10.71,22.66,122.23,0.06,1.33,0.00,0.11,0.03,0.40,0.00,0.32,0.37,0.00,0.10,0.00,7.61,0.04,0.10,0.14,0.33,0.04,1.75,7.61,1.76,186.81
,Paneer kheer,105.31,10.03,4.53,5.37,9.87,0.07,144.66,0.26,441.91,3119.73,1567.27,208.53,0.00,114.02,10.91,23.81,112.75,0.05,2.84,0.01,0.03,0.02,0.54,0.00,0.29,0.03,0.00,0.04,0.00,14.45,0.03,0.10,0.10,0.34,0.04,3.54,14.45,1.75,190.50
,Cabbage kheer (Pattagobhi ki kheer),83.51,9.73,2.87,3.80,9.28,0.51,102.74,0.24,350.89,2154.55,1126.50,181.33,0.00,83.04,10.99,22.67,136.05,0.04,0.94,0.00,0.05,0.02,0.31,0.00,0.29,0.05,0.00,17.81,0.00,13.17,0.03,0.10,0.12,0.31,0.05,1.79,13.17,6.82,201.26
,Carrot kheer (Gajar ki kheer),85.35,10.09,2.81,3.85,9.63,0.73,100.12,0.28,358.60,2161.02,1125.08,208.77,0.00,85.07,10.80,28.54,142.34,0.05,0.81,0.00,0.06,0.02,0.32,0.00,0.32,0.23,0.00,2.93,0.00,9.66,0.03,0.09,0.12,0.32,0.05,1.81,9.66,2.57,1632.53
,Cauliflower kheer (Phoolgobhi ki kheer),81.95,8.78,3.04,3.95,8.49,0.55,101.75,0.30,344.14,2254.54,1140.19,190.58,0.00,87.52,11.22,25.19,145.20,0.04,0.86,0.00,0.05,0.02,0.33,0.00,0.28,0.19,0.00,1.92,0.00,12.11,0.03,0.10,0.12,0.36,0.05,1.96,12.11,7.86,171.81
,Moong dal kheer,77.16,9.89,2.95,2.97,7.92,0.40,75.66,0.28,324.23,1690.49,855.02,141.55,0.00,76.45,11.91,16.34,123.56,0.06,2.46,0.00,0.05,0.05,0.31,0.00,0.22,0.09,0.00,0.34,0.00,7.97,0.03,0.07,0.13,0.27,0.03,1.25,7.97,1.25,146.93
,Phirni,116.12,16.11,3.49,4.34,10.79,0.36,104.57,0.23,487.80,2375.52,1344.98,234.85,0.00,96.30,11.53,22.47,114.51,0.06,0.93,0.00,0.08,0.03,0.39,0.00,0.39,0.01,0.00,0.17,0.00,7.01,0.04,0.10,0.27,0.34,0.05,1.75,7.01,1.74,175.60
,Shahi suji halwa,382.34,44.44,3.48,21.73,27.21,2.96,18.64,0.98,1595.02,12035.97,6342.52,1389.81,50.05,43.89,20.88,2.18,99.83,0.18,2.94,0.00,0.77,0.07,0.69,187.59,1.96,2.35,0.00,0.58,0.00,7.58,0.08,0.02,0.40,0.21,0.03,0.21,7.58,0.02,451.42
,Egg halwa (Ande ka halwa),299.74,39.59,7.85,13.41,37.85,0.49,35.77,1.45,1262.47,5538.16,3406.17,883.44,204.93,96.90,7.93,83.04,119.03,0.06,21.01,0.00,0.21,0.01,0.69,159.92,1.14,0.23,0.44,0.04,7.57,25.57,0.03,0.10,0.06,0.76,0.08,9.48,25.57,0.00,187.68
,Potato halwa (Aloo ka halwa),151.66,29.18,1.53,3.48,17.42,1.64,14.15,0.63,637.97,1576.78,1203.12,406.25,6.23,41.83,25.15,4.23,451.73,0.11,0.70,0.00,0.27,0.04,0.30,23.34,0.56,0.33,0.00,1.83,0.00,13.11,0.05,0.01,0.88,0.31,0.08,1.12,13.11,18.34,214.71
,Pumpkin halwa (Kaddu ka halwa),190.27,27.60,1.33,8.81,26.64,2.97,24.34,0.63,800.80,5136.91,1800.28,469.31,9.52,35.10,19.35,8.09,235.46,0.15,1.97,0.00,0.31,0.06,0.25,35.68,1.37,1.08,0.00,54.33,0.00,17.99,0.03,0.03,0.37,0.14,0.06,1.17,17.99,5.21,1021.15
,Moong dal halwa,349.80,40.23,8.35,17.68,25.59,2.65,110.40,1.51,1461.34,10384.38,4714.05,972.72,34.81,172.44,46.78,11.19,386.87,0.28,18.24,0.02,0.44,0.14,1.05,130.49,1.04,1.02,0.00,1.91,0.00,36.19,0.11,0.05,0.54,0.45,0.06,3.42,36.19,0.03,442.28
,Caramel custard (steamed),121.58,15.02,4.97,4.87,14.98,0.00,88.12,0.51,512.20,2387.76,1535.17,337.52,78.88,102.44,8.22,43.57,105.29,0.05,9.33,0.00,0.01,0.00,0.49,42.67,0.47,0.00,0.18,0.00,3.15,15.17,0.03,0.11,0.08,0.54,0.06,5.21,15.17,1.30,158.41
,Baked custard,106.53,9.45,5.41,5.30,9.42,0.00,95.32,0.54,447.46,2600.75,1672.11,367.62,85.92,111.51,8.82,47.13,114.36,0.04,10.16,0.00,0.01,0.00,0.53,46.48,0.51,0.00,0.20,0.00,3.43,16.53,0.04,0.12,0.08,0.58,0.07,5.68,16.53,1.42,172.54
,Soft Custard (stirred),109.18,11.19,5.01,5.07,11.15,0.00,95.82,0.49,459.08,2545.77,1573.47,330.44,73.35,106.83,8.73,122.17,111.75,0.04,8.79,0.00,0.01,0.00,0.49,39.68,0.46,0.00,0.17,0.00,2.93,14.96,0.03,0.12,0.08,0.54,0.06,5.08,14.96,1.45,171.34
,Chocolate ice cream,177.70,15.41,4.47,11.25,15.33,0.00,84.24,0.47,743.06,6645.93,3241.97,486.99,68.26,97.52,13.63,36.79,118.05,0.08,6.08,0.00,0.05,0.00,0.49,125.74,0.54,0.00,0.11,0.15,1.97,11.79,0.03,0.14,0.11,0.45,0.05,4.35,11.79,1.10,151.62
,Mango ice cream,125.69,11.14,3.40,7.62,11.01,0.52,67.17,0.39,525.33,4443.61,2141.03,373.04,55.21,71.52,9.60,29.13,115.29,0.05,5.22,0.01,0.07,0.00,0.35,101.48,0.43,1.02,0.09,1.31,1.60,31.20,0.03,0.11,0.13,0.37,0.07,3.75,31.20,9.86,506.30
,Fruit Ice cream (Phalon ka Ice cream),171.46,16.05,4.37,10.38,14.03,0.33,93.35,0.36,717.81,5380.76,2147.27,263.88,17.12,70.28,6.73,38.78,119.98,0.03,0.67,0.00,0.01,0.00,0.26,90.58,0.25,0.00,0.00,0.00,0.00,4.85,0.02,0.11,0.07,0.25,0.03,1.80,4.85,1.25,145.99
,Caramel ice cream,173.52,14.81,4.31,11.15,14.52,0.08,87.32,0.35,725.49,6418.38,3295.95,548.20,54.79,91.34,11.98,33.47,105.17,0.06,4.41,0.00,0.04,0.01,0.43,125.11,0.52,0.05,0.08,0.25,1.35,9.56,0.04,0.12,0.10,0.39,0.04,3.41,9.56,1.20,168.25
,Lemon souffle,168.51,13.43,6.95,10.02,11.67,0.00,59.81,0.56,705.67,5765.42,2873.65,523.64,100.42,75.16,7.40,50.73,88.44,0.02,9.28,0.00,0.01,0.00,0.42,164.56,0.52,0.00,0.18,0.00,3.08,13.55,0.03,0.12,0.08,0.45,0.05,5.03,13.55,5.44,100.53
,Orange souffle,168.28,14.20,6.80,9.73,12.31,0.22,59.04,0.65,704.69,5592.12,2794.54,502.56,97.54,73.80,8.23,49.22,101.26,0.03,8.90,0.00,0.01,0.00,0.40,159.84,0.51,0.06,0.17,0.44,2.99,15.55,0.04,0.12,0.11,0.46,0.05,5.39,15.55,7.85,214.64
,Vanilla souffle,187.85,14.78,7.71,11.19,12.86,0.00,70.60,0.58,786.62,6452.94,3215.03,564.02,109.43,86.96,7.70,56.73,90.16,0.03,10.02,0.00,0.01,0.00,0.46,179.31,0.58,0.00,0.19,0.00,3.36,14.12,0.03,0.14,0.08,0.50,0.05,5.62,14.12,0.60,122.69
,Chocolate souffle,189.32,14.74,7.88,11.36,12.69,0.00,71.55,0.71,792.69,6554.14,3276.66,565.78,108.18,94.96,14.67,56.07,109.25,0.08,9.90,0.00,0.01,0.00,0.55,177.27,0.58,0.00,0.19,0.02,3.32,14.48,0.03,0.14,0.10,0.49,0.05,5.55,14.48,0.59,121.84
,Pineapple souffle ,196.14,15.52,8.06,11.72,13.45,0.00,67.23,0.61,821.36,6747.05,3371.56,597.04,117.82,86.45,7.64,59.17,88.17,0.03,10.72,0.00,0.01,0.00,0.48,193.07,0.61,0.00,0.21,0.00,3.62,14.68,0.03,0.14,0.08,0.51,0.05,5.90,14.68,0.50,117.25
,Apple mousse,106.92,12.77,4.21,4.27,10.56,1.60,33.76,0.48,447.82,2169.32,1202.89,422.74,57.67,43.78,8.41,28.79,109.32,0.04,6.27,0.00,0.04,0.23,0.28,66.99,0.36,0.90,0.12,2.25,2.00,9.65,0.03,0.06,0.19,0.30,0.05,3.09,9.65,3.97,183.00
,Rich chocolate mousse,188.26,10.84,7.96,12.19,10.30,0.00,54.59,0.97,785.94,7000.33,3583.85,592.99,111.71,97.37,26.66,51.71,128.77,0.18,10.32,0.00,0.02,0.00,0.68,167.28,0.63,0.00,0.20,0.22,3.47,15.03,0.03,0.11,0.13,0.45,0.05,5.23,15.03,0.33,105.19
,Mango mousse,124.98,9.14,3.21,8.47,8.89,0.88,51.38,0.35,520.63,5302.87,2240.78,332.63,23.66,40.02,10.48,19.62,113.71,0.05,1.27,0.01,0.11,0.01,0.20,125.16,0.33,1.69,0.00,3.31,0.00,39.67,0.03,0.10,0.16,0.19,0.07,1.94,39.67,15.32,844.68
,Orange and pineapple cream,101.18,11.96,1.44,5.43,11.37,1.03,35.00,0.41,422.92,3429.26,1433.94,200.84,15.43,29.62,8.47,10.17,114.98,0.03,0.08,0.01,0.22,0.00,0.12,81.63,0.23,0.15,0.00,1.25,0.00,11.85,0.04,0.07,0.15,0.18,0.05,1.96,11.85,22.32,290.68
,Charlotte rousse,188.29,34.08,3.95,4.78,20.48,1.01,34.95,0.53,790.33,2717.56,1359.16,278.22,47.04,46.18,9.65,56.45,92.26,0.04,4.30,0.00,0.34,0.00,0.27,77.08,0.35,0.50,0.08,0.79,1.44,11.35,0.04,0.07,0.10,0.28,0.06,2.71,11.35,9.99,88.65
,Triffle pudding,116.97,18.24,2.93,3.93,13.89,0.12,48.72,0.47,493.52,2200.47,1133.24,217.16,36.95,59.71,8.37,26.95,99.90,0.04,3.70,0.00,0.07,0.00,0.31,46.81,0.24,0.29,0.07,0.04,1.25,9.82,0.03,0.07,0.20,0.30,0.05,2.51,9.82,6.61,114.87
,Snow flakes pudding,95.21,8.07,4.67,4.97,8.01,0.03,101.33,0.42,399.56,2595.24,1503.27,292.58,57.55,105.45,8.74,39.60,115.36,0.04,7.11,0.00,0.01,0.00,0.46,31.13,0.41,0.07,0.13,0.09,2.30,13.36,0.03,0.12,0.08,0.50,0.06,4.45,13.36,1.72,182.53
,Kulfi,98.43,11.30,3.21,4.70,10.39,0.12,111.86,0.20,413.82,2548.10,1467.59,256.80,0.00,94.04,10.63,23.97,114.04,0.04,0.92,0.00,0.03,0.02,0.35,0.00,0.47,0.02,0.00,0.10,0.00,6.92,0.03,0.10,0.11,0.32,0.04,1.87,6.92,1.87,185.96
,Steamed orange pudding,278.03,41.53,2.34,12.04,26.53,0.58,21.15,0.55,1163.99,7542.23,3037.58,479.21,31.86,83.06,11.23,79.10,108.76,0.05,0.22,0.00,0.16,0.01,0.23,138.80,0.42,1.25,0.00,1.25,0.05,14.81,0.06,0.03,0.22,0.25,0.04,0.59,14.81,20.23,164.78
,Meringue and rice pudding,112.93,14.60,4.84,4.05,10.87,0.17,85.43,0.37,474.30,2149.55,1205.32,230.63,40.85,92.81,8.94,44.16,110.88,0.04,6.81,0.00,0.04,0.01,0.41,22.10,0.32,0.00,0.17,0.07,1.63,11.02,0.04,0.11,0.18,0.52,0.05,3.71,11.02,1.35,151.09
,Cheese pudding,285.01,19.27,11.29,18.37,18.63,0.05,226.11,0.87,1190.38,10555.29,5356.95,851.30,99.76,196.41,19.03,37.83,81.70,0.10,18.27,0.05,0.08,0.01,1.53,148.35,0.58,0.10,0.17,0.85,3.03,50.13,0.03,0.10,0.10,0.57,0.06,12.81,50.13,0.25,201.65
,Chocolate pudding,211.96,29.59,3.55,9.48,20.68,0.53,64.56,0.60,891.10,5510.77,2432.92,372.40,46.25,77.36,12.04,171.36,79.22,0.09,4.53,0.00,0.09,0.00,0.39,98.78,0.35,0.00,0.06,0.66,1.10,10.91,0.05,0.06,0.33,0.19,0.03,1.84,10.91,0.45,109.02
,Bread and butter pudding ,167.94,19.63,5.59,7.88,11.84,0.98,105.54,0.90,705.95,3401.11,2736.33,672.16,55.29,108.37,19.86,96.30,155.43,0.10,7.28,0.00,0.18,0.02,0.57,52.72,1.09,0.21,0.11,0.63,1.98,17.38,0.07,0.11,0.43,0.41,0.06,3.65,17.38,1.28,152.50
,Queen of pudding,132.92,16.35,5.51,5.38,11.77,0.27,78.26,0.53,558.58,2784.52,1526.61,303.61,60.59,84.35,9.24,85.59,107.57,0.05,9.55,0.00,0.05,0.00,0.42,50.24,0.38,0.00,0.24,0.15,2.24,14.32,0.05,0.10,0.21,0.53,0.05,4.17,14.32,2.49,125.60
,Pineapple upside down pudding,257.73,35.73,3.15,11.91,22.16,0.80,26.05,0.68,1079.36,7195.99,3110.16,541.77,62.13,81.36,10.27,74.52,81.05,0.06,3.82,0.00,0.44,0.00,0.35,143.99,0.46,1.03,0.08,1.39,1.37,11.55,0.05,0.05,0.17,0.30,0.06,1.99,11.55,7.23,150.34
,Date and nut pie,322.42,46.86,3.93,13.31,31.18,4.13,34.69,1.54,1348.65,5142.74,2880.34,4381.90,18.85,77.21,40.61,3.87,291.15,0.29,1.85,0.01,0.74,0.40,0.75,84.78,0.60,6.32,0.00,9.91,0.00,14.26,0.09,0.04,0.63,0.35,0.13,1.54,14.26,2.83,935.38
,Stewed apple with custard,92.87,18.36,1.27,1.82,15.46,1.01,49.24,0.18,392.17,1011.55,448.46,153.56,0.00,38.25,6.11,16.66,82.79,0.04,0.51,0.00,0.05,0.30,0.17,0.00,0.13,0.51,0.00,1.34,0.00,3.60,0.02,0.04,0.12,0.15,0.03,0.82,3.60,1.98,151.63
,Apple snowballs,101.51,24.58,0.86,0.31,19.40,1.25,9.43,0.18,428.91,74.18,24.63,135.84,0.00,6.35,4.93,12.80,70.07,0.04,1.62,0.00,0.02,0.16,0.06,0.00,0.07,0.70,0.07,1.76,0.00,1.79,0.02,0.02,0.12,0.13,0.02,0.45,1.79,1.72,110.44
,Hot orange souffle,179.97,18.77,6.87,8.95,14.93,0.29,53.81,1.03,754.48,4449.16,2758.38,667.97,160.48,107.81,9.92,58.80,114.96,0.05,16.83,0.00,0.04,0.01,0.65,128.26,0.77,0.37,0.34,0.72,5.99,25.13,0.05,0.11,0.14,0.75,0.08,8.35,25.13,5.75,230.68
,Hot chocolate souffle,226.09,26.21,6.70,11.10,22.88,0.12,60.19,1.08,948.77,5879.20,3446.79,689.07,138.51,116.29,17.64,54.11,125.67,0.12,14.96,0.00,0.10,0.00,0.73,111.78,0.83,0.28,0.30,0.60,5.14,21.55,0.04,0.11,0.14,0.69,0.08,7.40,21.55,0.64,149.60
,Hot vanilla souffle,192.93,21.77,6.87,9.07,18.17,0.13,63.20,0.93,809.97,4571.38,2779.99,649.80,153.55,113.07,9.22,59.59,105.25,0.05,16.19,0.00,0.04,0.01,0.66,122.73,0.76,0.32,0.33,0.40,5.73,22.59,0.04,0.12,0.11,0.73,0.08,7.89,22.59,0.71,164.85
,Plain burfi (Burfi),408.32,30.88,9.82,27.96,30.43,0.17,355.78,1.50,1705.52,16689.73,7792.14,1336.46,38.12,284.64,38.12,31.65,325.37,0.07,25.91,0.07,0.08,0.02,1.43,142.89,1.25,0.09,0.00,0.11,0.00,54.97,0.07,0.07,0.30,0.22,0.04,11.85,54.97,0.12,409.40
,Coconut burfi (Nariyal ki burfi),467.64,32.15,8.81,34.63,31.50,3.50,272.81,1.82,1956.59,22149.07,6369.16,1095.02,29.26,254.63,47.20,27.63,401.32,0.24,25.37,0.06,0.39,0.01,1.36,109.67,2.03,0.05,0.00,0.63,0.00,46.87,0.06,0.06,0.35,0.19,0.06,9.20,46.87,0.00,344.06
,Bottle gourd burfi (Ghiya/Lauki burfi),275.96,24.51,5.86,17.68,23.92,0.73,215.85,0.93,1153.35,10775.61,4726.01,786.32,26.43,170.71,24.42,18.15,229.64,0.06,16.20,0.04,0.07,0.00,0.88,99.07,0.64,0.30,0.00,0.73,0.00,47.22,0.05,0.04,0.20,0.31,0.03,7.95,47.22,1.50,299.01
,Chocolate burfi,339.33,33.15,13.00,17.86,32.38,0.00,466.48,2.12,1425.19,11144.92,4918.46,691.69,3.78,381.58,57.02,39.32,449.04,0.15,34.59,0.09,0.06,0.00,1.98,14.18,0.13,0.09,0.00,0.03,0.00,73.38,0.09,0.09,0.37,0.25,0.05,15.68,73.38,0.00,175.74
,Cashewnut burfi (Kaju burfi/Kaju katli),421.74,37.92,5.48,28.46,31.43,1.12,12.95,1.79,1763.94,11442.67,12146.80,2890.81,38.62,145.64,89.83,4.23,186.05,0.68,3.80,0.00,0.52,0.01,1.58,144.73,1.37,1.12,0.00,0.53,0.00,7.33,0.18,0.01,0.30,0.41,0.05,0.75,7.33,0.00,297.37
,Gram flour burfi (Besan burfi),421.79,46.59,11.19,22.41,28.44,3.41,160.71,1.47,1768.65,12686.64,5819.96,1840.70,40.13,181.36,35.67,13.02,226.63,0.14,11.63,0.03,0.74,0.01,1.06,150.41,1.78,0.24,0.00,2.94,0.00,84.51,0.17,0.08,0.72,0.48,0.16,7.42,84.51,0.00,359.54
,Semolina ladoo with khoya (Suji/Rava aur khoye ke ladoo ),428.71,52.86,6.71,21.86,33.28,4.68,106.42,1.73,1796.19,13542.93,4332.25,903.06,27.87,133.31,32.29,14.40,259.35,0.27,12.47,0.02,0.87,0.04,1.17,104.47,1.61,2.47,0.00,0.79,0.00,24.15,0.11,0.04,0.47,0.31,0.06,3.32,24.15,0.11,351.44
,Semolina ladoo with coconut (Suji/Rava aur nariyal ke ladoo ),464.43,50.90,5.68,27.03,27.32,6.69,26.72,1.83,1942.70,17143.41,4407.23,941.52,33.81,90.08,34.77,9.06,264.85,0.36,9.07,0.01,1.14,0.04,1.08,126.74,2.13,2.96,0.00,1.03,0.00,14.32,0.11,0.03,0.54,0.33,0.07,0.51,14.32,0.14,402.22
,Gram flour ladoo (Besan ladoo),476.91,62.61,8.93,22.76,37.76,4.43,25.35,1.51,2001.49,12660.41,5835.77,1995.12,52.34,88.26,26.77,5.48,142.26,0.15,2.26,0.00,0.89,0.06,0.74,196.17,2.15,0.80,0.00,3.32,0.00,70.32,0.18,0.06,0.76,0.49,0.17,3.03,70.32,0.00,430.12
,Sesame ladoo (Til ke ladoo),396.96,43.50,10.70,19.64,38.63,7.72,631.82,8.94,1660.91,2954.20,7338.94,8468.23,0.00,376.60,221.36,18.55,430.91,0.71,12.15,0.01,1.12,0.11,3.74,0.00,0.59,28.73,0.00,48.18,0.00,66.09,0.18,0.04,1.80,0.32,0.60,1.84,66.09,0.00,34.34
,Chenna murki,252.69,36.01,10.46,8.20,35.55,0.00,266.85,0.55,1066.03,4910.40,2385.58,243.55,0.00,183.36,15.32,11.40,65.45,0.09,12.84,0.06,0.07,0.00,1.55,0.00,0.01,0.07,0.00,0.00,0.00,51.77,0.01,0.06,0.07,0.27,0.02,11.67,51.77,0.00,107.63
,Milk cake,127.41,9.13,3.01,8.93,8.90,0.06,104.94,0.20,531.52,5166.74,2264.40,337.46,11.56,84.39,7.48,24.97,109.26,0.03,0.86,0.00,0.01,0.00,0.29,43.33,0.46,0.00,0.00,0.00,0.00,6.33,0.03,0.10,0.07,0.30,0.04,1.72,6.33,2.79,261.74
,Ghujia/Lavang latika,768.98,13.00,1.86,78.93,6.08,0.52,31.01,0.44,3168.67,11406.58,16215.63,47734.15,4.62,36.13,7.25,3.28,54.27,0.04,2.51,0.01,0.09,0.01,0.22,17.32,37.19,0.64,0.00,4.88,0.00,6.44,0.02,0.01,0.10,0.09,0.01,1.03,6.44,0.01,72.62
,Gulab Jamun with khoya,586.06,26.09,2.03,53.23,24.12,0.07,67.32,0.39,2425.40,7518.45,11074.91,32406.96,0.00,54.27,7.51,15.09,62.61,0.04,4.79,0.01,0.03,0.00,0.30,0.00,25.13,0.19,0.00,3.24,0.00,10.49,0.02,0.01,0.07,0.06,0.01,2.19,10.49,0.01,28.45
,Mal pua,566.68,17.56,1.71,54.64,11.77,0.62,30.05,0.33,2339.17,7039.70,11333.57,33941.02,0.00,32.74,5.77,6.35,47.87,0.06,0.78,0.00,0.13,0.01,0.23,0.00,26.47,0.64,0.00,3.50,0.00,3.54,0.03,0.03,0.11,0.14,0.02,0.50,3.54,0.45,68.01
,Shahi tukre,189.81,41.46,2.76,2.54,34.70,0.51,76.47,0.37,806.27,1156.67,733.66,141.25,0.00,57.66,9.18,71.04,74.06,0.08,1.46,0.00,0.09,0.01,0.29,0.00,0.28,0.01,0.00,0.06,0.00,7.46,0.05,0.06,0.29,0.15,0.03,0.85,7.46,0.84,83.98
,Potato pakora/pakoda (Aloo pakoda),677.19,6.04,1.90,71.84,0.22,1.03,6.59,0.38,2788.18,8628.82,14729.45,45466.16,0.00,21.94,7.85,63.38,90.01,0.04,0.39,0.00,0.14,0.00,0.15,0.00,35.37,0.02,0.00,5.53,0.00,16.18,0.04,0.01,0.28,0.14,0.05,0.78,16.18,2.75,46.95
,Onion pakora/pakoda (Pyaaz ke pakode),674.61,5.41,1.90,71.84,0.88,1.11,7.95,0.36,2777.39,8630.87,14732.48,45463.55,0.00,20.62,7.13,63.55,46.12,0.04,0.34,0.00,0.15,0.00,0.16,0.00,35.37,0.09,0.00,5.81,0.00,17.76,0.04,0.01,0.19,0.13,0.05,0.93,17.76,0.79,32.85
,Cauliflower pakora/pakoda (Phoolgobhi ke pakode),671.63,4.52,1.98,71.86,0.23,1.26,8.44,0.42,2764.93,8637.53,14730.75,45476.48,0.00,22.40,7.73,66.54,64.86,0.03,0.35,0.00,0.15,0.00,0.15,0.00,35.36,0.16,0.00,6.98,0.00,19.79,0.04,0.02,0.19,0.17,0.05,0.92,19.79,5.59,28.27
,Mixed vegetable pakora/pakoda,673.81,5.12,1.94,71.86,0.38,1.13,9.55,0.46,2774.04,8635.64,14731.39,45473.01,0.00,21.40,9.51,65.35,75.24,0.04,0.41,0.00,0.18,0.00,0.16,0.00,35.40,0.07,0.00,15.54,0.00,21.23,0.04,0.02,0.21,0.14,0.05,0.94,21.23,3.18,315.85
,Spinach pakora/pakoda (Palak pakoda),712.62,4.68,1.96,76.38,0.20,1.02,10.99,0.52,2933.57,9178.84,15658.98,48334.76,0.00,19.90,10.79,69.54,66.87,0.04,0.45,0.00,0.20,0.00,0.15,0.00,37.67,0.02,0.00,26.10,0.00,24.19,0.05,0.02,0.19,0.11,0.05,0.92,24.19,1.91,625.92
,Methi pakora/pakoda (Methi ke pakode),713.25,4.68,2.06,76.39,0.25,1.18,23.07,0.69,2936.21,9179.85,15657.55,48344.22,0.00,21.19,9.33,69.83,41.72,0.04,0.40,0.00,0.19,0.00,0.16,0.00,37.61,0.15,0.00,32.60,0.00,19.99,0.04,0.03,0.21,0.13,0.06,0.97,19.99,3.67,827.78
,Egg pakora/pakoda (Ande ke pakode),710.51,4.48,2.83,75.86,0.19,0.86,9.55,0.47,2925.47,9254.55,15683.41,47655.87,28.39,31.92,6.16,75.37,37.75,0.04,3.45,0.00,0.13,0.00,0.22,15.36,37.12,0.00,0.07,5.53,1.13,18.83,0.04,0.03,0.17,0.21,0.05,2.07,18.83,0.00,33.79
,Bread pakora/pakoda,710.99,8.87,2.57,74.20,0.46,1.11,19.83,0.46,2929.73,8887.17,15177.86,46839.74,0.00,26.10,7.17,101.49,38.92,0.04,0.95,0.00,0.17,0.00,0.19,0.00,36.45,0.00,0.00,5.44,0.00,17.43,0.05,0.02,0.31,0.10,0.04,0.64,17.43,0.00,22.96
,Paneer pakora/pakoda,718.12,5.52,3.27,76.05,1.08,0.89,43.38,0.43,2957.51,9678.89,15693.41,47438.05,0.00,43.44,7.70,131.70,33.87,0.04,2.10,0.01,0.15,0.00,0.34,0.00,36.88,0.01,0.00,5.55,0.00,22.18,0.04,0.02,0.18,0.14,0.04,2.28,22.18,0.01,45.37
,Potato bonda (Aloo bonda),632.84,4.53,1.09,67.80,0.27,0.83,6.79,0.37,2604.02,8155.41,13971.86,42857.18,0.00,16.90,9.02,132.53,105.94,0.05,0.38,0.00,0.12,0.04,0.14,0.00,33.32,0.82,0.00,7.90,0.00,8.94,0.03,0.01,0.26,0.12,0.04,0.56,8.94,5.00,182.56
,Potato samosa (Aloo ka samosa),577.39,9.21,1.71,59.19,0.29,1.19,7.63,0.50,2377.14,7555.45,12186.44,36936.73,2.33,21.79,11.38,77.10,137.50,0.06,0.28,0.00,0.15,0.01,0.22,8.72,28.73,1.71,0.00,9.10,0.00,9.08,0.05,0.01,0.37,0.18,0.04,0.66,9.08,8.00,239.16
,Minced meat samosa (Keema ka samosa),620.99,6.14,4.43,64.26,0.50,0.39,6.70,0.55,2557.26,9035.79,13708.93,38681.06,16.71,45.91,7.78,88.64,81.99,0.04,0.39,0.00,0.07,0.00,0.74,10.04,30.02,0.55,0.00,4.29,0.00,3.42,0.04,0.04,0.98,0.24,0.05,0.58,3.42,0.61,57.98
,Paneer and pea samosa (Paneer matar ka samosa),623.81,8.55,4.02,63.65,1.69,1.02,64.56,0.53,2569.60,8519.97,13207.58,39205.16,0.00,56.39,11.02,78.18,52.58,0.06,3.06,0.01,0.12,0.00,0.54,0.00,30.45,2.12,0.00,9.54,0.00,19.57,0.05,0.02,0.24,0.20,0.04,3.14,19.57,4.94,216.95
,Mathri,805.12,12.32,1.75,83.10,0.29,0.60,5.23,0.43,3314.32,9984.39,17034.38,52628.26,0.00,18.49,5.79,64.70,30.35,0.04,0.04,0.00,0.13,0.01,0.15,0.00,40.89,1.19,0.00,5.96,0.00,2.73,0.02,0.01,0.13,0.12,0.01,0.11,2.73,0.00,51.50
,Khasta kachori,712.73,12.81,2.51,72.27,0.34,0.97,7.84,0.59,2934.90,8686.80,14816.95,45749.29,0.00,32.93,12.90,90.56,78.13,0.06,1.06,0.00,0.16,0.01,0.27,0.00,35.51,1.33,0.00,5.33,0.00,6.34,0.03,0.01,0.21,0.23,0.03,0.12,6.34,0.85,76.10
,Vegetable cutlet,665.45,4.68,1.25,71.33,0.35,0.93,13.55,0.40,2738.50,8595.55,14638.04,45039.78,6.77,18.46,8.02,85.38,103.14,0.04,1.21,0.00,0.10,0.01,0.16,3.66,35.03,0.72,0.02,7.96,0.27,9.04,0.03,0.01,0.29,0.12,0.05,0.89,9.04,5.00,424.84
,Flattened rice cutlet (Chirwa cutlet/Chivda cutlet/Poha cutlet),701.71,7.39,1.76,73.89,0.27,0.86,9.17,0.59,2888.94,9016.00,15491.97,46275.86,6.90,33.54,14.57,76.65,119.47,0.07,1.13,0.00,0.13,0.03,0.25,3.73,35.82,0.26,0.02,5.96,0.28,7.24,0.04,0.01,0.62,0.14,0.03,0.63,7.24,3.81,96.70
,Peanut cutlet (Mungfali ke cutlet),698.77,5.68,2.63,74.00,0.51,1.21,14.38,0.56,2878.02,9164.39,15942.01,45738.83,6.75,43.60,20.00,84.24,143.30,0.10,1.41,0.00,0.17,0.02,0.34,3.65,35.22,0.57,0.02,5.89,0.27,11.37,0.06,0.02,1.08,0.16,0.04,0.67,11.37,3.73,96.74
,Fish cutlet (Machli ka cutlet),654.64,3.13,2.77,70.11,0.29,0.54,10.44,0.36,2693.96,8674.15,14398.96,44047.34,11.02,35.34,9.02,75.33,109.15,0.04,4.18,0.00,0.08,0.01,0.15,6.80,34.31,0.19,0.08,6.50,0.37,5.46,0.02,0.01,0.32,0.20,0.04,0.58,5.46,3.00,94.29
,Paneer potato cutlet (Paneer aloo cutlet),672.94,5.23,2.47,71.40,1.02,0.41,45.36,0.38,2770.57,9150.89,14777.88,44357.84,13.33,41.66,7.27,85.71,96.72,0.04,3.56,0.01,0.06,0.00,0.32,7.21,34.48,0.04,0.03,4.79,0.53,12.10,0.02,0.02,0.24,0.15,0.03,2.39,12.10,3.38,62.55
,Spinach chickpeas cutlet (Palak channa dal cutlet),688.03,4.93,1.44,73.60,0.16,0.93,11.30,0.57,2831.18,8871.43,15106.90,46475.96,6.98,24.01,11.84,79.13,144.62,0.06,2.67,0.00,0.13,0.01,0.22,3.77,36.13,0.10,0.02,17.50,0.28,14.97,0.03,0.02,0.28,0.14,0.03,0.74,14.97,4.93,446.85
,Cheese toast,785.37,5.49,1.98,84.11,0.53,0.31,43.87,0.31,3233.23,10613.82,17331.30,52452.57,11.55,47.28,4.08,121.05,26.04,0.03,1.82,0.00,0.06,0.00,0.22,15.91,40.80,0.01,0.02,5.36,0.31,4.72,0.03,0.02,0.17,0.06,0.01,0.64,4.72,0.00,7.96
,Vegetable burger,519.93,13.69,3.26,50.63,1.88,1.70,26.08,0.70,2144.45,5994.21,11447.65,30695.21,7.40,18.34,6.46,168.97,90.87,0.03,1.07,0.00,0.08,0.00,0.16,7.26,23.90,0.72,0.01,8.16,0.18,7.95,0.03,0.04,0.84,0.12,0.04,0.91,7.95,4.79,470.76
,Cheese pizza,249.50,30.62,5.79,12.43,3.42,1.95,96.51,1.09,1047.50,2346.93,1728.01,3449.53,10.64,110.07,17.36,397.73,152.89,0.07,0.52,0.00,0.37,0.01,0.63,22.59,2.73,1.90,0.00,5.14,0.00,12.09,0.22,0.04,1.04,0.14,0.07,0.98,12.09,5.13,942.87
,Vegetable seekh kebab,690.73,5.32,1.57,73.72,0.74,0.59,32.66,0.36,2843.04,9169.58,15165.89,46228.74,0.00,27.84,7.92,83.67,104.53,0.04,1.50,0.01,0.12,0.01,0.22,0.00,35.92,0.14,0.00,6.50,0.00,8.41,0.02,0.01,0.26,0.09,0.03,1.20,8.41,4.17,101.83
,Masala vada,826.02,4.06,1.69,89.15,0.24,1.07,7.45,0.52,3397.89,10707.74,18276.41,56443.62,0.00,25.69,10.44,74.53,97.19,0.09,2.49,0.00,0.14,0.04,0.25,0.00,43.82,0.63,0.00,8.60,0.00,11.92,0.03,0.01,0.16,0.12,0.02,0.11,11.92,0.76,148.63
,Peanut sago vada (Sabudana mungfali vada),749.89,7.14,1.01,79.82,0.19,0.62,5.03,0.38,3087.61,9704.42,16709.68,50118.12,0.00,20.46,10.38,71.29,94.50,0.05,0.21,0.00,0.08,0.02,0.15,0.00,38.81,0.28,0.00,6.33,0.00,5.13,0.03,0.01,0.52,0.08,0.02,0.23,5.13,3.19,91.93
,Vegeterian scotch egg,681.67,4.64,2.16,72.77,0.23,0.58,15.20,0.46,2805.97,8903.48,15056.19,45600.21,34.24,29.12,6.42,93.33,80.64,0.04,4.28,0.00,0.06,0.01,0.22,18.52,35.52,0.53,0.08,6.46,1.37,9.70,0.03,0.02,0.25,0.20,0.04,1.98,9.70,3.75,90.58
,Paneer shaslik/tikka,93.85,7.98,5.11,4.49,4.61,1.23,123.86,0.68,392.27,2171.79,1188.36,767.40,0.00,92.41,15.85,103.39,130.93,0.07,5.46,0.03,0.15,0.01,0.77,0.00,0.61,3.00,0.00,10.84,0.00,39.84,0.03,0.04,0.34,0.26,0.07,6.18,39.84,24.55,1779.63
,Peanut brittle (Moongfali ki chikki),320.46,47.46,6.94,11.13,43.92,2.63,68.03,3.22,1340.21,2695.24,4925.97,3003.20,2.50,137.07,108.38,15.99,420.05,0.27,0.87,0.01,0.78,0.05,1.04,9.36,1.17,2.04,0.00,0.63,0.00,30.37,0.16,0.04,2.89,0.37,0.42,0.70,30.37,0.00,49.31
,Spring roll,623.87,8.56,1.81,64.63,0.60,0.67,9.51,0.49,2568.38,7831.97,13300.00,40778.05,12.15,23.54,7.00,132.84,60.86,0.04,1.40,0.00,0.11,0.01,0.18,6.57,31.70,0.86,0.03,8.13,0.48,10.19,0.03,0.02,0.18,0.16,0.04,1.01,10.19,4.88,424.02
,Dry mango chutney (Sookhe aam ki chutney),298.13,69.17,2.43,0.70,61.86,3.74,72.05,3.98,1247.30,147.05,94.42,334.87,0.00,71.97,77.60,437.91,654.54,0.19,1.51,0.02,0.75,0.05,0.42,0.00,0.10,2.26,0.00,19.23,0.00,18.66,0.07,0.08,0.65,0.22,0.42,0.55,18.66,0.91,6345.34
,Peanut chutney (Mungfali ki chutney),258.37,9.87,11.80,19.06,2.76,5.73,34.79,1.99,1081.16,3941.47,8739.59,5613.41,0.00,197.16,103.32,475.34,414.29,0.46,1.98,0.00,1.08,0.27,1.60,0.00,2.08,3.94,0.00,4.64,0.00,48.29,0.29,0.07,5.54,0.56,0.16,0.90,48.29,20.01,172.49
,Coconut chutney (Nariyal ki chutney),265.92,8.29,3.59,25.00,3.79,6.73,15.70,1.25,1110.19,14366.17,2082.33,2918.46,0.00,47.57,25.07,428.28,230.88,0.20,1.33,0.00,0.43,0.15,0.41,0.00,3.30,0.34,0.00,12.68,0.00,18.70,0.04,0.05,0.26,0.20,0.08,0.36,18.70,16.32,161.60
,Mint and coriander chutney (Pudinay aur dhaniye ki chutney),102.60,21.18,2.81,0.51,15.88,4.33,107.45,4.76,430.47,110.61,67.05,218.28,0.00,61.57,62.72,391.66,459.42,0.27,2.65,0.03,0.81,0.23,0.54,0.00,0.24,6.80,0.00,87.73,0.00,41.42,0.10,0.07,0.74,0.32,0.13,2.17,41.42,13.75,6306.47
,Custard tart,225.60,28.66,3.72,10.73,9.31,0.91,57.47,0.49,940.77,6625.05,2714.31,464.93,22.28,68.66,12.99,59.74,115.73,0.07,0.43,0.00,0.16,0.30,0.37,100.23,0.31,1.52,0.00,1.39,0.00,7.87,0.05,0.07,0.25,0.33,0.07,1.10,7.87,1.65,237.91
,Lemon tart,303.35,30.68,6.12,17.45,10.68,0.81,24.03,0.98,1262.30,10291.79,4656.57,896.97,123.17,79.07,12.99,76.09,94.23,0.08,9.42,0.00,0.18,0.01,0.57,221.45,0.70,1.95,0.19,1.76,3.35,16.88,0.06,0.07,0.26,0.57,0.07,4.42,16.88,4.89,223.58
,Jam tart,360.72,46.18,4.42,17.35,14.74,1.14,12.23,0.74,1498.57,10836.71,4354.67,728.70,44.15,50.38,13.27,70.34,67.25,0.07,0.00,0.00,0.26,0.01,0.39,198.55,0.40,2.79,0.00,1.95,0.00,6.74,0.06,0.04,0.32,0.31,0.03,0.28,6.74,0.00,237.93
,Orange cream tart,197.16,27.43,2.58,8.72,10.08,0.64,13.84,0.58,822.52,5436.78,2186.41,375.05,22.13,37.81,13.59,36.85,136.02,0.04,0.01,0.00,0.18,0.00,0.21,99.53,0.39,1.42,0.00,1.11,0.00,18.98,0.08,0.03,0.28,0.31,0.04,0.81,18.98,27.15,182.91
,Pineapple tart,195.40,28.62,2.29,8.21,11.09,0.87,12.02,0.50,817.46,5087.76,2046.88,353.08,20.70,25.99,10.57,37.88,71.82,0.06,0.01,0.00,0.59,0.00,0.26,93.09,0.25,1.33,0.00,1.15,0.00,8.86,0.06,0.03,0.21,0.19,0.05,0.23,8.86,8.88,123.93
,Cheese and mushroom tart,246.10,21.43,5.51,15.28,3.16,1.18,100.97,0.59,1022.00,9483.22,3915.65,646.61,37.99,138.27,15.72,212.42,136.37,0.07,0.77,0.00,0.19,0.01,0.59,160.42,0.39,3.89,0.00,4.96,0.00,11.83,0.05,0.08,0.32,0.38,0.06,2.61,11.83,9.71,401.52
,Cottage cheese pie,238.98,20.66,7.45,13.83,3.62,2.21,108.05,0.92,992.89,7188.01,3464.96,2141.16,20.86,104.31,22.71,103.29,128.10,0.11,4.90,0.02,0.28,0.01,0.98,93.83,1.57,5.13,0.00,12.72,0.00,36.55,0.09,0.05,0.51,0.42,0.08,5.41,36.55,10.65,983.87
,Minced meat pie,221.55,18.11,7.38,13.04,1.42,2.33,18.14,1.07,919.66,6419.25,3522.71,2098.14,34.57,76.98,22.33,127.85,185.89,0.11,0.74,0.00,0.32,0.01,1.11,91.19,1.54,5.02,0.00,12.78,0.00,19.64,0.11,0.07,1.39,0.52,0.12,1.69,19.64,10.60,916.55
,Apple cinnamon pie,258.73,33.68,3.35,12.21,11.95,1.77,16.14,0.65,1077.36,7486.99,3045.41,616.19,36.52,41.41,12.35,60.14,90.10,0.07,0.88,0.00,0.22,0.24,0.33,138.71,0.35,2.41,0.01,2.66,0.26,6.54,0.05,0.03,0.31,0.27,0.04,0.63,6.54,1.27,245.47
,Lemon meringue pie,224.43,35.11,3.88,8.16,21.17,0.44,16.79,0.67,941.79,4648.45,2230.14,476.89,75.30,50.35,8.08,85.12,58.11,0.06,6.54,0.00,0.10,0.00,0.38,107.89,0.40,1.07,0.13,0.75,2.33,11.14,0.04,0.05,0.15,0.36,0.04,3.02,11.14,3.25,113.48
,Chocolate meringue pie,214.76,28.80,4.98,9.17,15.03,0.37,55.98,0.92,899.79,5287.55,2547.88,472.60,64.11,96.62,26.05,80.77,130.01,0.18,5.81,0.00,0.09,0.00,0.66,91.86,0.43,0.91,0.11,0.69,1.98,12.59,0.04,0.08,0.20,0.42,0.05,3.24,12.59,0.68,165.35
,Cream puffs,221.33,16.00,4.70,15.48,5.94,0.38,37.93,0.58,919.45,9279.94,4176.08,713.71,100.48,71.41,8.86,98.76,76.51,0.04,6.98,0.00,0.09,0.00,0.43,213.89,0.59,0.93,0.15,0.91,2.52,12.15,0.04,0.10,0.15,0.44,0.05,4.02,12.15,0.28,170.33
,Chocolate eclairs,239.42,26.22,4.24,13.50,17.34,0.33,34.21,0.68,1000.02,8087.86,3656.65,617.49,85.94,68.99,13.73,85.88,84.46,0.09,5.97,0.00,0.08,0.00,0.46,182.92,0.51,0.80,0.12,0.79,2.16,10.84,0.04,0.09,0.15,0.38,0.04,3.44,10.84,0.24,146.14
,Cheese balls,681.28,4.81,2.21,72.57,0.63,0.18,30.01,0.32,2803.78,11055.17,15228.15,43060.51,37.78,62.89,3.93,120.70,27.57,0.02,3.04,0.00,0.04,0.00,0.24,63.95,33.50,0.40,0.06,4.81,1.03,4.98,0.02,0.03,0.06,0.17,0.02,1.54,4.98,0.01,56.74
,Minced meat patties,265.72,15.25,6.88,19.57,0.88,0.77,19.23,0.93,1101.40,3643.07,4807.12,9927.14,81.36,96.83,13.20,252.18,119.59,0.07,3.64,0.00,0.16,0.01,0.98,34.77,7.66,1.41,0.20,1.85,2.78,12.61,0.06,0.06,1.17,0.51,0.08,4.74,12.61,1.21,113.50
,Cheese patties,324.01,22.23,7.38,22.67,3.93,1.24,126.41,0.82,1343.40,4487.07,4932.56,12105.69,0.00,113.77,18.88,295.22,97.11,0.09,5.64,0.03,0.32,0.02,0.93,0.00,9.29,2.74,0.00,4.79,0.00,30.23,0.05,0.05,0.31,0.34,0.05,5.55,30.23,3.24,588.58
,Hot cheese souffle,177.10,5.41,9.18,13.23,2.91,0.12,169.17,0.83,736.62,7316.69,3861.71,748.91,149.14,235.86,13.38,286.96,130.84,0.04,14.86,0.00,0.05,0.01,1.02,163.87,0.79,0.25,0.28,0.85,4.92,22.56,0.05,0.16,0.11,0.76,0.08,7.92,22.56,0.81,186.13
,Hot potato souffle,125.64,8.56,5.51,7.64,1.78,0.66,56.84,0.79,523.33,3982.16,2264.81,535.02,109.09,100.35,15.02,97.20,258.62,0.06,11.59,0.00,0.08,0.01,0.56,95.78,0.59,0.26,0.23,1.16,3.98,21.28,0.05,0.10,0.42,0.66,0.09,6.09,21.28,8.23,205.71
,Hot fish souffle,142.92,3.69,11.23,9.24,1.68,0.10,58.18,0.70,595.64,4841.20,2603.52,793.51,122.69,155.18,17.68,110.94,165.04,0.05,20.94,0.01,0.04,0.01,0.65,105.70,0.98,0.20,0.43,0.47,4.31,19.35,0.05,0.10,0.53,0.90,0.10,5.65,19.35,0.66,137.65
,Hot spinach souffle,104.25,4.19,5.43,7.24,1.64,0.99,80.77,1.67,434.01,3737.06,2105.57,567.08,100.84,91.95,39.49,104.69,311.73,0.10,11.28,0.01,0.45,0.01,0.61,88.54,1.01,0.28,0.21,123.30,3.68,68.67,0.09,0.12,0.20,0.58,0.11,6.79,68.67,12.06,3738.96
,Plain cream cake,353.94,47.18,6.18,16.17,27.74,0.71,41.95,1.02,1480.86,9469.86,4351.64,833.74,120.92,181.63,11.79,174.00,86.91,0.08,9.56,0.00,0.17,0.01,0.61,203.90,0.69,1.74,0.20,1.47,3.43,16.27,0.05,0.08,0.23,0.56,0.06,4.60,16.27,0.14,215.40
,Apple cake (Seb ka cake),290.08,39.48,4.94,12.87,23.52,1.22,38.99,0.90,1213.67,7458.54,3421.70,714.62,94.69,145.08,12.00,136.95,96.16,0.07,7.63,0.00,0.29,0.32,0.51,159.67,0.57,1.80,0.15,2.29,2.69,13.70,0.05,0.06,0.24,0.46,0.06,3.67,13.70,1.71,212.01
,Marble cake,354.11,46.88,6.30,16.27,27.56,0.71,39.60,1.12,1481.48,9528.54,4390.90,833.99,120.14,162.04,16.54,138.48,100.20,0.11,9.50,0.00,0.17,0.00,0.67,202.59,0.69,1.73,0.20,1.48,3.41,16.52,0.06,0.08,0.25,0.56,0.06,4.57,16.52,0.14,214.39
,Chocolate cake,335.61,45.14,6.01,15.18,27.58,0.64,41.13,1.08,1404.77,8900.55,4104.91,770.51,109.36,134.09,17.74,241.93,104.70,0.12,8.71,0.00,0.15,0.01,0.65,184.42,0.64,1.57,0.18,1.35,3.10,15.65,0.05,0.08,0.24,0.53,0.06,4.29,15.65,0.26,208.07
,Orange cake,357.61,48.28,6.10,16.21,28.38,0.83,29.72,1.06,1496.24,9491.08,4363.78,843.19,123.67,129.46,12.17,105.41,90.64,0.08,9.72,0.00,0.18,0.01,0.59,208.55,0.71,1.78,0.20,1.51,3.51,17.77,0.06,0.08,0.25,0.57,0.06,4.61,17.77,3.61,208.55
,Fruit Loaf ,324.19,46.49,5.36,13.31,24.54,0.87,45.71,0.96,1354.76,7825.48,3557.26,687.25,90.00,170.57,13.06,160.60,116.78,0.08,6.98,0.00,0.25,0.01,0.53,161.81,0.57,1.77,0.14,2.42,2.45,13.99,0.05,0.07,0.25,0.48,0.06,3.63,13.99,4.42,209.18
,Banana cake (Kele ka cake),389.51,40.00,5.77,23.31,23.04,1.14,23.55,1.14,1623.40,3300.40,6110.79,12661.32,68.99,127.63,31.46,117.81,157.61,0.22,8.36,0.00,0.29,0.01,0.76,37.32,9.68,1.52,0.16,1.88,2.75,17.08,0.08,0.06,0.31,0.56,0.15,3.98,17.08,1.48,125.09
,Chocolate chiffon cake,311.71,37.87,5.76,15.80,24.25,0.70,42.15,1.07,1305.28,3327.52,3690.53,7753.56,93.35,196.43,28.93,188.59,138.72,0.22,6.99,0.00,0.26,0.01,0.66,69.36,4.71,3.14,0.39,4.40,3.72,16.47,0.06,0.07,0.28,0.57,0.08,6.79,16.47,0.29,87.25
,Christmas cake,372.95,48.29,5.49,16.88,27.45,1.49,40.98,1.32,1560.80,8838.88,5451.30,1143.44,97.81,116.37,30.80,64.84,176.27,0.22,8.17,0.00,0.47,0.01,0.77,179.30,0.71,1.48,0.15,1.80,2.63,16.38,0.08,0.06,0.31,0.50,0.08,3.86,16.38,8.16,161.05
,Strawberry and vanilla cake with butter icing,370.54,44.25,3.89,20.39,32.43,0.79,28.17,0.70,1547.86,12410.26,5320.80,910.19,101.12,114.82,9.76,107.27,74.53,0.07,5.84,0.00,0.16,0.00,0.41,247.61,0.69,1.62,0.12,4.69,2.09,10.99,0.04,0.06,0.21,0.37,0.05,2.78,10.99,7.21,235.02
,Eggless cake,318.08,46.14,8.12,11.75,27.70,0.68,212.97,0.61,1333.75,7313.76,2982.65,474.96,27.68,265.53,26.53,310.50,273.62,0.06,1.65,0.00,0.16,0.00,0.87,185.50,0.31,1.66,0.00,1.16,0.00,12.43,0.09,0.26,0.34,0.69,0.11,3.25,12.43,2.22,203.34
,Swiss roll,251.87,48.34,7.30,3.77,32.96,0.55,24.11,1.19,1062.09,1188.69,1385.94,523.14,144.66,95.13,10.86,51.90,87.08,0.07,15.98,0.00,0.13,0.01,0.69,78.26,0.61,1.33,0.33,0.20,5.77,22.71,0.05,0.09,0.20,0.72,0.08,7.32,22.71,0.00,106.72
,Pineapple pastry ,208.21,29.04,6.06,7.87,18.83,0.72,42.97,0.86,874.13,4160.33,2354.89,544.27,115.34,89.42,11.42,44.30,107.33,0.06,11.09,0.00,0.23,0.00,0.57,133.97,0.59,1.06,0.23,0.49,4.00,19.09,0.05,0.12,0.18,0.60,0.08,5.97,19.09,3.99,134.81
,Black forest pastry,233.55,34.48,6.09,8.46,21.35,0.54,44.15,0.92,979.99,4524.10,2548.30,565.59,113.03,92.19,13.57,53.43,110.97,0.07,10.95,0.00,0.12,0.00,0.59,131.50,0.58,1.25,0.23,0.64,3.92,17.46,0.05,0.11,0.19,0.60,0.07,5.92,17.46,0.98,138.93
,Coconut finger,274.86,42.56,7.09,8.86,28.55,1.87,24.04,1.31,1155.88,4822.33,1550.32,543.98,127.97,101.86,18.10,46.86,141.16,0.14,16.35,0.00,0.26,0.01,0.73,69.23,1.07,1.18,0.29,0.43,5.11,22.21,0.05,0.08,0.24,0.66,0.08,6.57,22.21,0.00,109.79
,Pineapple cake ,195.57,23.51,5.01,9.34,16.16,0.76,49.06,0.64,819.06,5333.92,2667.50,516.49,92.79,80.33,10.71,37.47,108.39,0.05,7.89,0.00,0.24,0.00,0.48,152.05,0.54,0.85,0.16,0.59,2.85,15.72,0.05,0.12,0.16,0.50,0.07,4.89,15.72,5.33,138.96
,Chocolate walnut cookies (Chocolate aur akhrot ke cookies),424.80,47.10,6.56,23.62,22.58,1.54,36.10,1.37,1773.46,10597.06,5754.61,5304.84,69.03,144.88,43.31,280.44,158.23,0.34,3.92,0.00,0.55,0.02,0.90,164.28,1.49,6.91,0.07,8.92,1.18,16.31,0.10,0.05,0.40,0.46,0.12,3.08,16.31,0.63,433.42
,Chocolate chip cookies,425.29,57.98,5.79,19.38,30.29,1.05,24.76,1.22,1776.75,11777.20,5156.57,870.87,75.98,77.18,23.00,278.29,114.09,0.16,4.22,0.00,0.30,0.01,0.61,202.70,0.65,2.56,0.08,2.00,1.39,11.98,0.07,0.06,0.34,0.45,0.05,2.27,11.98,0.00,232.90
,Sweet plain biscuit,380.76,50.29,5.86,17.67,21.77,1.07,42.88,0.92,1588.86,10755.40,4559.26,810.64,76.89,158.43,14.91,132.59,90.96,0.10,4.04,0.00,0.25,0.01,0.57,205.24,0.55,2.61,0.08,1.83,1.42,11.92,0.07,0.07,0.32,0.47,0.05,2.27,11.92,0.23,259.32
,Chocolate biscuit,379.76,51.56,5.88,17.09,24.16,1.01,41.51,1.14,1586.49,10398.22,4440.40,777.03,72.66,161.86,23.27,127.02,114.98,0.16,3.81,0.00,0.23,0.01,0.66,193.94,0.53,2.47,0.08,1.75,1.34,11.96,0.07,0.07,0.33,0.45,0.05,2.14,11.96,0.22,245.78
,Coconut biscuit (Nariyal ke biscuit),434.98,42.90,5.78,27.16,20.76,3.64,37.81,1.32,1816.48,17418.36,4757.66,867.50,64.98,157.68,28.42,105.76,202.79,0.23,7.57,0.00,0.48,0.02,0.69,184.98,1.55,1.99,0.06,2.12,1.08,13.41,0.06,0.06,0.37,0.40,0.07,1.91,13.41,0.18,247.16
,Sweet and salty biscuit (Meethay aur namkeen biscuit),407.96,45.09,6.15,22.39,7.22,1.68,37.24,1.05,1694.69,13969.87,5632.04,932.33,55.18,78.02,18.49,414.70,109.95,0.10,0.15,0.00,0.33,0.01,0.54,248.19,0.54,3.49,0.00,2.44,0.00,9.51,0.08,0.07,0.41,0.44,0.05,0.66,9.51,0.31,328.50
,Peanut biscuit,401.05,46.72,8.45,20.41,21.26,2.48,50.58,1.34,1676.08,9927.23,6533.93,2462.31,61.88,254.47,42.54,202.26,180.95,0.22,3.78,0.00,0.45,0.08,0.98,165.16,1.11,3.21,0.07,1.86,1.14,23.79,0.14,0.07,2.03,0.54,0.08,2.07,23.79,0.19,221.61
,Pin wheel biscuit,404.60,54.56,5.40,18.66,23.25,1.16,42.70,1.13,1688.63,11624.17,4738.72,769.56,44.65,168.27,27.50,131.73,122.74,0.19,0.12,0.00,0.27,0.01,0.66,200.84,0.45,2.82,0.00,2.01,0.00,8.65,0.07,0.06,0.38,0.36,0.04,0.53,8.65,0.25,266.83
,Saffron biscuit (Kesar biscuit),458.61,59.70,6.05,22.01,22.42,1.90,25.71,1.23,1913.03,12108.01,6220.14,1449.12,49.64,75.69,26.36,5.65,120.02,0.14,0.27,0.00,0.73,0.09,0.59,186.04,1.92,3.89,0.00,1.11,0.00,10.02,0.09,0.04,0.49,0.40,0.05,0.53,10.02,0.12,526.80
,Masala biscuit,393.64,45.18,6.06,20.75,6.82,2.14,53.73,1.32,1636.01,12216.73,5370.40,1160.13,51.29,179.49,25.48,714.52,136.35,0.12,0.47,0.01,0.57,0.04,0.59,191.55,1.28,6.17,0.00,13.15,0.00,13.33,0.09,0.05,0.46,0.43,0.07,0.61,13.33,0.95,1276.80
,Ice box cookies,374.24,56.09,5.70,14.44,26.69,1.28,18.50,1.04,1565.29,8697.05,3729.12,721.62,70.82,68.61,15.33,449.14,94.30,0.09,4.05,0.00,0.27,0.01,0.53,173.43,0.47,3.04,0.08,2.03,1.46,11.85,0.07,0.06,0.34,0.46,0.05,2.21,11.85,0.71,239.98
,Ginger bread man,365.00,60.26,6.61,11.01,29.12,1.60,37.92,2.12,1526.89,6400.57,2895.71,639.54,75.31,85.95,31.73,477.99,161.24,0.11,5.68,0.00,0.80,0.02,0.68,136.47,0.45,2.99,0.12,1.73,2.04,15.66,0.08,0.06,0.39,0.56,0.16,2.89,15.66,0.29,207.44
,Danish cookies,475.33,58.00,5.33,24.92,21.73,1.37,15.97,0.98,1979.40,15598.28,6266.98,1015.42,63.58,61.80,16.24,201.06,84.32,0.10,0.00,0.00,0.31,0.01,0.49,285.97,0.58,3.35,0.00,2.71,0.00,8.08,0.07,0.05,0.38,0.37,0.04,0.35,8.08,0.00,315.82
,Short bread cookies,443.09,64.82,6.03,17.98,23.31,1.57,15.92,1.12,1849.61,11178.53,4493.60,799.57,45.48,67.76,18.17,145.00,92.70,0.11,0.00,0.00,0.36,0.01,0.54,204.56,0.42,3.83,0.00,2.15,0.00,9.25,0.09,0.05,0.44,0.42,0.05,0.37,9.25,0.00,283.56
,Coffee biscuit,416.57,46.55,6.90,23.00,21.69,1.59,48.92,1.27,1740.91,9621.44,5255.73,6479.29,63.97,185.55,37.48,112.53,160.49,0.28,4.26,0.00,0.67,0.02,0.86,170.76,0.99,8.16,0.07,12.52,1.18,17.48,0.11,0.07,0.54,0.50,0.15,4.00,17.48,0.19,231.52
,Melting moments,437.91,55.84,5.71,21.78,25.00,1.88,30.39,1.20,1828.79,13008.76,5791.68,1183.33,80.33,159.14,21.49,119.09,112.25,0.12,4.18,0.00,0.50,0.01,0.68,240.43,0.76,2.25,0.07,2.06,1.22,21.56,0.19,0.19,0.80,0.42,0.06,2.95,21.56,0.00,243.52
,Ginger biscuit (Adarak ke biscuit),417.91,58.44,5.98,18.31,27.06,1.49,25.97,2.20,1746.31,11136.12,4719.46,847.55,81.73,116.46,17.59,79.68,106.42,0.10,4.17,0.00,0.96,0.01,0.67,218.16,0.56,2.78,0.09,1.94,1.51,11.80,0.07,0.06,0.46,0.49,0.07,2.16,11.80,0.00,256.33
,Soyabean muthias,839.33,3.70,2.46,90.45,0.17,1.47,12.16,0.60,3453.32,10904.95,18603.94,57231.95,0.00,33.64,12.03,78.25,100.29,0.07,1.01,0.00,0.16,0.04,0.24,0.00,44.09,3.92,0.00,8.44,0.00,16.71,0.04,0.02,0.24,0.13,0.04,0.06,16.71,0.59,34.15
,Soyabean tikki,698.17,4.39,3.53,74.02,0.35,2.20,29.23,1.04,2874.50,8939.86,15223.08,46736.23,0.00,47.59,23.87,88.72,218.99,0.09,1.80,0.00,0.29,0.03,0.35,0.00,35.87,5.30,0.00,32.82,0.00,34.96,0.07,0.03,0.36,0.19,0.06,0.47,34.96,4.05,771.39
,Soyabean namak paras,838.46,4.65,2.65,89.83,0.22,1.41,12.13,0.64,3450.04,10827.17,18472.42,56840.97,0.00,33.11,12.18,72.05,98.46,0.06,0.92,0.00,0.16,0.03,0.24,0.00,43.79,4.20,0.00,8.18,0.00,16.68,0.04,0.02,0.17,0.15,0.03,0.07,16.68,0.00,30.26
,Peanut burfi (Moongfali ki burfi),550.99,48.14,9.31,36.84,43.08,4.09,25.20,1.45,2303.87,5757.48,11577.56,18018.11,0.00,154.33,78.35,6.78,269.29,0.41,1.34,0.00,0.64,0.09,1.29,0.00,12.15,2.80,0.00,2.32,0.00,35.78,0.22,0.05,4.47,0.40,0.09,0.63,35.78,0.00,32.60
,Spinach peanut namak paras (Palak moongfali namak paras),740.16,6.62,1.65,78.51,0.28,0.81,13.35,0.67,3046.16,9525.03,16334.37,49401.41,0.00,22.08,17.66,73.15,104.16,0.06,0.33,0.00,0.22,0.02,0.20,0.00,38.40,0.73,0.00,43.66,0.00,20.31,0.04,0.02,0.38,0.11,0.03,0.58,20.31,3.60,1170.60
,Gram flour and semolina chilla/cheela/savory pancake (Besan suji chilla/cheela),758.89,7.63,2.08,80.04,0.25,1.39,12.13,0.67,3124.11,9621.65,16406.54,50664.04,0.00,21.83,13.08,74.88,87.35,0.07,1.10,0.00,0.31,0.00,0.26,0.00,39.49,0.57,0.00,32.63,0.00,23.14,0.06,0.02,0.21,0.13,0.04,0.79,23.14,2.53,828.15
,Rice moong dal cheela (Chawal aur moong dal ka cheela),798.26,11.13,2.74,82.44,0.15,1.18,4.99,0.51,3286.07,9918.20,16894.23,52194.70,0.00,48.20,16.10,142.82,124.58,0.12,4.40,0.00,0.15,0.04,0.31,0.00,40.55,0.18,0.00,6.21,0.00,8.78,0.05,0.02,0.39,0.19,0.04,0.08,8.78,0.00,87.62
,Split bengal gram sweet rice (Channa dal sweet rice),190.21,41.07,4.15,0.64,19.41,2.23,30.37,1.77,795.86,92.46,104.26,281.70,0.00,78.30,42.94,8.38,230.18,0.15,4.90,0.00,0.50,0.05,0.68,0.00,0.05,0.27,0.00,0.48,0.00,22.03,0.08,0.03,0.75,0.32,0.23,0.28,22.03,0.00,107.41
,Sweet poori (Meethi poori),782.75,14.26,2.12,79.63,7.15,1.54,34.24,1.13,3224.23,9590.59,16442.58,50270.04,0.00,51.50,27.80,2.57,82.77,0.09,4.92,0.00,0.39,0.02,0.45,0.00,38.86,2.17,0.00,7.11,0.00,12.05,0.06,0.02,0.32,0.14,0.10,0.44,12.05,0.00,26.78
,Wheat flour and moong dal burfi (Atta aur moong dal ki burfi),441.08,60.00,9.84,18.41,31.12,6.02,25.20,2.30,1845.57,9227.24,5467.21,2068.38,35.14,206.76,84.57,5.25,396.48,0.44,25.05,0.00,1.19,0.28,1.62,131.71,1.35,4.90,0.00,2.25,0.00,34.55,0.24,0.08,2.11,0.66,0.13,0.49,34.55,0.00,473.08
,Spinach burfi (Palak burfi),121.17,12.76,2.71,6.81,12.12,1.17,93.68,1.05,508.27,4185.80,1406.68,296.02,5.65,70.87,33.14,27.77,268.78,0.10,1.89,0.01,0.43,0.01,0.38,21.16,0.80,0.14,0.00,93.35,0.00,45.48,0.06,0.09,0.16,0.26,0.07,2.36,45.48,9.84,2904.30
,Sweet split chickpea roti (Sweet channa dal roti/Puranpoli),366.59,62.66,9.51,7.93,24.73,8.16,53.30,4.36,1529.88,3897.82,1865.06,1109.07,15.56,229.38,112.97,12.05,462.11,0.40,34.43,0.01,1.91,0.03,2.15,58.30,0.53,6.75,0.00,0.98,0.00,51.83,0.27,0.10,1.47,0.77,0.35,0.67,51.83,0.00,446.74
,Sprouted moong daliya ,111.56,14.77,2.81,4.71,1.67,3.12,22.62,1.29,463.89,553.94,927.68,2808.59,0.00,19.00,9.46,196.73,83.92,0.04,0.10,0.00,0.10,0.01,0.16,0.00,2.15,0.37,0.00,4.35,0.00,11.15,0.03,0.01,0.15,0.13,0.05,0.65,11.15,2.38,1506.83
,Sprouted moong poha ,192.60,26.60,5.59,6.89,1.93,3.13,28.39,2.43,804.44,1241.23,2546.10,2828.32,0.00,116.24,55.63,220.82,268.06,0.21,1.01,0.02,0.54,0.14,0.93,0.00,1.55,2.33,0.00,8.10,0.00,24.46,0.13,0.04,1.95,0.41,0.10,0.97,24.46,10.05,517.28
,Pearl millet ladoo (Bajra ladoo),319.66,50.98,9.61,8.06,27.44,6.00,118.74,4.72,1337.47,1473.81,3064.99,2786.93,0.00,224.22,125.58,12.26,479.32,0.44,15.04,0.01,0.89,0.23,1.87,0.00,0.62,5.90,0.00,7.47,0.00,40.21,0.19,0.08,1.83,0.51,0.37,0.77,40.21,0.00,159.82
,Paushtik ladoo,485.87,60.34,7.65,24.98,38.12,4.57,20.67,1.63,2035.29,13246.00,7023.89,2437.07,52.71,123.82,47.46,6.09,161.00,0.22,10.44,0.00,0.94,0.09,1.04,197.57,2.04,2.91,0.00,2.04,0.00,46.17,0.20,0.07,1.57,0.45,0.14,1.75,46.17,0.00,461.56
,Paushtik roti,149.26,26.59,7.17,1.51,2.03,5.74,52.74,2.62,627.76,228.83,216.59,753.40,0.00,127.75,77.03,170.96,403.44,0.25,13.87,0.01,1.44,0.02,1.15,0.00,0.97,3.45,0.00,129.24,0.00,98.04,0.24,0.10,1.06,0.54,0.21,3.61,98.04,15.48,3830.81
,Semolina carrot vada (Suji gajar vada),699.53,6.52,1.56,74.07,1.21,1.07,26.47,0.36,2878.86,9066.87,15206.94,46728.96,1.18,30.73,6.35,73.17,73.02,0.05,1.07,0.00,0.17,0.00,0.26,3.01,36.33,0.73,0.00,6.15,0.00,5.75,0.03,0.03,0.13,0.13,0.03,0.43,5.75,0.59,743.66
,Dhokla,216.49,30.68,13.45,5.28,4.78,4.95,123.21,1.39,915.99,1343.31,1135.81,2180.70,5.16,185.94,40.51,376.02,287.15,0.13,2.93,0.00,0.86,0.01,1.05,13.14,1.85,0.19,0.00,6.70,0.00,99.92,0.24,0.21,1.01,0.83,0.27,5.22,99.92,1.71,132.86
,Kashmiri tea (Kehwa),24.90,5.23,0.17,0.51,5.14,0.16,3.19,0.07,105.73,38.56,330.29,114.39,0.00,4.13,3.47,0.29,8.81,0.02,0.05,0.00,0.10,0.01,0.04,0.00,0.22,0.10,0.00,0.09,0.00,0.32,0.00,0.00,0.03,0.01,0.00,0.03,0.32,0.02,0.81
,Steeped hot coffee,15.91,3.01,0.39,0.33,2.96,0.00,10.40,0.06,67.40,201.01,90.15,10.25,0.00,10.26,3.93,2.82,46.09,0.01,0.16,0.00,0.02,0.00,0.04,0.00,0.02,0.00,0.00,0.04,0.00,0.63,0.00,0.01,0.25,0.03,0.00,0.81,0.63,0.15,14.85
,Hot chocolate,90.01,9.02,3.43,4.61,8.86,0.00,113.63,0.33,377.68,2780.89,1265.72,148.24,0.02,101.74,14.99,36.04,135.43,0.22,0.91,0.00,0.06,0.00,0.61,0.04,0.23,0.00,0.00,0.01,0.00,7.04,0.03,0.11,0.11,0.34,0.04,2.35,7.04,1.90,189.02
,Cold coffee (with cream),82.76,11.98,1.93,3.29,11.91,0.00,64.43,0.14,348.62,2024.31,885.15,103.83,3.29,54.79,8.58,15.35,107.04,0.03,0.56,0.00,0.03,0.00,0.20,17.43,0.13,0.00,0.00,0.05,0.00,3.80,0.02,0.07,0.34,0.18,0.02,1.92,3.80,1.02,105.93
,Banana milkshake with ice cream (Kele ka milkshake ice cream ke saath),76.45,11.15,2.01,2.77,9.94,0.27,68.30,0.14,321.43,1675.03,738.37,102.71,1.30,57.37,8.60,16.63,110.88,0.04,0.55,0.00,0.05,0.00,0.21,4.01,0.15,0.02,0.00,0.26,0.00,6.10,0.02,0.08,0.11,0.27,0.08,1.33,6.10,2.06,138.46
,Flavoured milkshake,66.78,8.65,2.06,2.83,8.61,0.00,75.05,0.11,281.05,1709.68,766.74,87.16,0.00,61.04,5.33,16.34,72.89,0.03,0.60,0.00,0.01,0.00,0.21,0.00,0.14,0.00,0.00,0.00,0.00,4.44,0.02,0.07,0.05,0.21,0.03,1.25,4.44,1.27,126.32
,Jal jeera,30.24,6.70,0.44,0.26,5.71,0.95,24.72,0.84,127.66,22.96,107.02,77.33,0.00,11.30,12.89,215.62,76.31,0.05,0.40,0.01,0.34,0.02,0.11,0.00,0.04,1.33,0.00,5.79,0.00,3.20,0.02,0.01,0.13,0.02,0.02,0.11,3.20,1.59,411.22
,Gingo,48.02,12.42,0.14,0.06,12.08,0.17,6.33,0.21,204.12,14.97,3.30,28.73,0.00,2.31,3.35,21.50,20.82,0.02,0.22,0.00,0.06,0.01,0.03,0.00,0.02,0.12,0.00,3.69,0.00,2.92,0.00,0.00,0.02,0.02,0.01,0.15,2.92,2.88,392.68
,Mintade,40.32,10.59,0.03,0.02,10.47,0.03,2.10,0.05,171.36,6.30,1.31,11.27,0.00,0.64,0.85,26.69,6.00,0.01,0.05,0.00,0.01,0.00,0.01,0.00,0.00,0.03,0.00,0.77,0.00,0.82,0.00,0.00,0.01,0.01,0.00,0.06,0.82,1.49,84.27
,Canjee,6.61,0.44,0.24,0.42,0.21,0.36,5.82,0.17,27.67,26.17,208.49,104.17,0.00,9.26,3.57,43.03,21.20,0.01,0.71,0.00,0.05,0.00,0.05,0.00,0.02,0.38,0.00,1.03,0.00,2.12,0.01,0.01,0.05,0.02,0.01,0.09,2.12,0.30,474.30
,Cauliflower canjee (Phoolgobhi ki canjee),6.90,0.35,0.39,0.42,0.09,0.49,6.26,0.22,28.86,31.78,200.10,107.05,0.00,11.23,4.78,41.45,38.17,0.01,0.71,0.00,0.06,0.00,0.07,0.00,0.02,0.42,0.00,1.46,0.00,5.19,0.01,0.01,0.07,0.06,0.02,0.24,5.19,4.40,19.31
,Potato canjee (Aloo canjee),16.26,2.69,0.44,0.39,0.10,0.43,5.21,0.22,68.05,26.51,183.26,101.50,0.00,13.64,6.51,35.99,99.19,0.02,0.74,0.00,0.06,0.00,0.08,0.00,0.02,0.30,0.00,0.48,0.00,3.47,0.02,0.00,0.21,0.07,0.02,0.24,3.47,3.95,48.86
,Vermicelli porridge (Semiya/Seviyan porridge),78.40,10.56,2.50,2.98,7.04,0.48,72.96,0.20,329.06,1788.40,801.10,103.61,0.62,63.88,7.15,65.33,78.84,0.03,1.30,0.00,0.04,0.00,0.25,2.33,0.15,0.16,0.00,0.05,0.00,4.92,0.02,0.07,0.08,0.23,0.03,1.27,4.92,1.22,126.83
,Semolina upma (Suji/Rava upma),147.89,16.31,3.30,7.49,1.31,3.24,21.57,1.10,614.18,912.75,1533.31,4651.79,0.00,44.18,21.34,101.59,158.35,0.14,3.21,0.00,0.59,0.07,0.59,0.00,3.57,3.44,0.00,10.17,0.00,14.24,0.08,0.03,0.43,0.28,0.07,0.58,14.24,4.37,1276.85
,Vermicelli upma (Semiya/Seviyan upma),149.11,16.88,3.11,7.45,1.40,3.21,20.30,0.93,619.26,905.42,1526.06,4622.62,0.00,41.93,21.56,101.80,138.21,0.10,3.84,0.00,0.36,0.08,0.35,0.00,3.54,2.51,0.00,10.13,0.00,11.89,0.05,0.02,0.35,0.24,0.05,0.75,11.89,4.37,1228.92
,Rice upma,151.27,17.96,2.63,7.46,1.13,2.12,17.57,0.67,628.30,924.25,1536.95,4631.28,0.00,48.14,19.24,101.75,131.62,0.11,1.38,0.00,0.37,0.09,0.39,0.00,3.55,1.90,0.00,10.23,0.00,11.24,0.06,0.03,0.69,0.25,0.09,0.56,11.24,4.37,1233.73
,Bread upma,129.51,12.60,2.80,7.75,1.56,1.96,45.22,0.82,540.40,896.02,1520.64,4590.62,0.00,39.86,18.35,176.44,130.12,0.08,2.47,0.00,0.31,0.07,0.32,0.00,3.55,1.90,0.00,9.95,0.00,14.86,0.06,0.03,0.52,0.14,0.06,0.50,14.86,4.37,1224.90
,Vegetable upma,146.47,16.46,4.73,6.63,1.39,4.19,26.68,1.35,610.06,934.73,1867.74,3430.70,0.00,67.04,33.55,347.02,208.30,0.19,3.75,0.00,0.63,0.12,0.78,0.00,2.39,4.82,0.00,12.86,0.00,21.42,0.12,0.04,1.04,0.36,0.09,0.86,21.42,6.12,2262.20
,Poha,294.53,35.05,6.09,14.14,0.87,3.72,37.67,3.01,1226.35,2035.87,4117.09,7340.79,0.00,139.76,66.85,377.10,333.98,0.24,2.31,0.02,0.69,0.25,1.07,0.00,5.03,3.73,0.00,13.15,0.00,21.91,0.14,0.04,2.09,0.42,0.09,0.83,21.91,12.13,842.44
,Vegetable poha,180.52,21.52,4.89,8.07,1.40,3.76,28.01,1.92,751.96,1165.72,2322.69,4183.58,0.00,96.29,48.59,418.02,223.09,0.19,2.28,0.01,0.54,0.16,0.81,0.00,2.85,4.13,0.00,15.45,0.00,22.28,0.11,0.05,1.35,0.37,0.09,1.02,22.28,7.37,2675.12
,Moong dal stuffed cheela/chilla (Moong dal ka cheela/chilla),154.89,19.42,6.97,5.11,1.11,4.25,39.34,2.22,645.18,654.27,1003.81,3074.91,0.00,129.16,61.10,267.23,574.12,0.31,12.14,0.01,0.55,0.14,0.86,0.00,2.34,2.49,0.00,20.82,0.00,35.17,0.12,0.04,0.92,0.63,0.13,1.11,35.17,15.31,1103.75
,Paneer stuffed cheela/chilla,205.19,19.16,11.44,8.89,3.81,4.03,151.30,2.41,855.46,2771.41,2083.07,3356.02,0.00,202.71,64.32,289.10,464.03,0.32,18.21,0.03,0.58,0.15,1.48,0.00,2.49,2.64,0.00,21.64,0.00,54.88,0.12,0.07,0.70,0.68,0.11,5.73,54.88,9.31,1163.73
,Indian style egg bhujia (Anda bhujia (Indian style)),102.83,3.76,6.10,7.02,1.95,1.53,31.90,1.14,428.19,1603.63,2060.48,2570.74,145.28,90.42,17.09,218.05,178.56,0.08,16.17,0.00,0.28,0.04,0.65,78.60,2.26,3.35,0.33,13.45,5.80,32.43,0.05,0.09,0.32,0.73,0.13,8.27,32.43,10.76,1770.17
,French omelette/omlet,211.04,0.41,10.03,18.86,0.10,0.38,46.35,1.58,875.07,9846.81,5638.23,1280.56,300.44,142.38,13.26,381.85,133.09,0.07,29.84,0.00,0.10,0.05,0.95,286.47,1.41,0.29,0.62,10.40,10.74,37.93,0.05,0.15,0.11,1.11,0.13,13.59,37.93,0.70,611.11
,Puffy omelette/omlet,188.15,0.08,8.82,16.84,0.08,0.00,34.96,1.20,780.16,8800.00,5041.45,1130.26,268.82,124.74,8.66,340.53,231.64,0.05,26.61,0.00,0.01,0.00,0.82,256.32,1.24,0.00,0.55,0.97,9.61,32.45,0.04,0.13,0.07,0.97,0.11,12.03,32.45,0.00,168.82
,Orange omelette/omlet,194.66,1.68,8.93,16.84,1.68,0.00,37.33,1.26,807.80,8800.00,5041.45,1130.26,268.82,129.09,11.03,340.92,267.16,0.05,26.61,0.00,0.03,0.00,0.82,256.32,1.31,0.00,0.55,0.97,9.61,37.97,0.06,0.14,0.11,1.03,0.12,12.22,37.97,9.47,179.67
,Cheese and mushroom omelette/omlet,205.63,1.68,9.69,17.82,1.07,0.93,148.77,1.01,852.34,10077.50,5051.99,1014.59,184.53,246.95,16.69,400.29,181.05,0.06,16.83,0.00,0.10,0.03,1.06,242.34,0.93,4.97,0.33,9.06,5.71,25.02,0.04,0.14,0.24,0.81,0.11,10.48,25.02,0.37,366.96
,Spanish omelette/omlet,157.45,5.10,8.25,11.44,1.03,2.54,31.72,1.28,653.68,6203.93,3315.99,735.00,145.23,108.46,22.27,233.87,185.74,0.12,14.63,0.00,0.21,0.03,0.93,159.67,0.79,5.18,0.28,18.53,4.81,40.25,0.17,0.09,0.97,0.82,0.17,7.96,40.25,18.83,1010.23
,Mixed stock,25.19,0.33,2.06,1.71,0.20,0.15,2.06,0.07,104.56,497.77,743.09,354.35,10.55,21.44,3.07,9.51,39.43,0.01,1.33,0.00,0.01,0.00,0.13,5.93,0.02,0.05,0.00,0.50,0.00,1.82,0.01,0.01,0.82,0.13,0.05,0.26,1.82,0.28,208.05
,Meat stock,24.48,0.00,2.10,1.78,0.00,0.00,0.86,0.05,101.55,517.24,775.86,362.07,11.03,20.69,2.41,8.62,31.03,0.01,1.38,0.00,0.00,0.00,0.12,6.21,0.01,0.00,0.00,0.00,0.00,0.69,0.01,0.01,0.84,0.12,0.05,0.17,0.69,0.00,0.00
,White stock,6.99,0.40,0.07,0.56,0.24,0.17,1.58,0.03,28.88,344.34,138.24,28.25,1.39,2.12,0.92,1.56,11.78,0.01,0.01,0.00,0.01,0.00,0.02,6.26,0.02,0.05,0.00,0.65,0.00,1.38,0.00,0.00,0.01,0.02,0.01,0.11,1.38,0.34,251.45
,Meat consomme (with mutton),29.76,0.51,14.86,13.68,0.24,0.71,115.88,4.22,124.54,8.81,3.91,14.76,0.00,177.19,38.67,12665.52,366.48,0.09,0.92,0.00,0.29,0.01,0.95,0.00,0.01,0.13,0.04,1.73,0.00,2.50,0.03,0.03,0.90,0.07,0.01,0.31,2.50,0.39,206.11
,Consomme au julienne,27.76,1.49,12.49,10.66,0.83,1.38,85.89,3.34,116.16,108.97,110.21,101.84,6.40,153.97,36.50,10208.47,350.86,0.11,2.71,0.00,0.28,0.01,0.90,0.72,0.08,0.37,0.18,4.97,2.89,7.18,0.02,0.02,0.90,0.24,0.08,0.97,7.18,1.53,1991.95
,Consomme au vermicelli,29.94,1.30,15.23,12.98,0.27,0.81,97.34,3.98,125.29,113.40,130.65,63.33,7.85,179.98,41.25,12524.61,367.55,0.12,3.43,0.00,0.30,0.01,1.05,0.89,0.05,0.17,0.22,1.72,3.55,3.21,0.02,0.02,1.06,0.22,0.07,0.84,3.21,0.39,202.90
,Green pea soup (Matar ka soup),39.81,3.63,11.06,12.90,0.87,2.49,46.63,2.18,165.85,892.63,532.86,135.79,4.16,103.29,38.39,10958.11,329.91,0.08,0.65,0.00,0.28,0.01,0.55,11.30,0.08,2.46,0.00,9.54,0.00,11.77,0.08,0.02,0.46,0.20,0.06,1.08,11.77,7.40,473.18
,Spinach soup (Palak ka soup),32.59,3.03,10.54,14.26,0.29,1.98,56.23,2.68,135.79,1078.77,427.86,122.66,4.24,98.10,50.72,12088.21,415.55,0.08,0.65,0.01,0.45,0.01,0.42,19.05,0.30,0.22,0.00,65.12,0.00,30.02,0.04,0.02,0.13,0.06,0.04,0.89,30.02,6.16,1919.31
,Mixed vegetable soup,35.71,2.95,8.22,11.66,1.64,1.64,50.69,1.74,148.51,1335.49,555.06,120.26,3.87,89.51,30.09,9202.27,295.84,0.06,0.37,0.00,0.21,0.01,0.33,17.39,0.10,1.38,0.00,4.74,0.00,7.17,0.02,0.02,0.14,0.13,0.03,0.71,7.17,4.55,1100.41
,Cheese soup,41.13,1.87,12.39,17.07,0.84,1.80,83.65,2.40,170.54,1911.77,807.87,126.50,9.56,153.98,39.83,13695.35,350.94,0.05,0.43,0.00,0.25,0.01,0.55,35.44,0.08,0.19,0.00,2.61,0.00,4.56,0.01,0.02,0.04,0.08,0.02,0.66,4.56,1.19,268.55
,Mulligatawny soup,54.42,8.24,11.26,13.28,1.26,2.60,43.89,2.65,226.95,781.44,317.78,116.00,3.05,113.18,39.75,11602.50,363.74,0.12,3.02,0.00,0.34,0.29,0.59,13.73,0.07,0.35,0.00,4.02,0.00,7.99,0.04,0.02,0.27,0.14,0.04,0.45,7.99,2.40,655.43
,Cream of carrot soup,59.77,5.69,8.27,12.35,1.77,1.98,57.24,1.73,248.48,2096.26,867.07,178.80,6.67,95.62,29.98,8694.79,289.87,0.06,0.31,0.00,0.24,0.03,0.38,30.94,0.14,0.49,0.00,5.34,0.00,8.14,0.02,0.03,0.14,0.16,0.04,0.86,8.14,2.29,1711.41
,Cream of broccoli soup,56.14,3.72,8.97,12.75,1.59,1.89,66.55,1.82,233.85,2282.01,951.92,182.28,7.67,108.55,30.93,8792.43,313.40,0.06,0.48,0.00,0.24,0.02,0.47,34.20,0.41,0.26,0.00,34.32,0.00,20.50,0.04,0.05,0.19,0.21,0.04,1.37,20.50,14.96,202.41
,Cream of potato soup,60.20,6.14,8.10,12.05,1.24,1.51,51.97,1.70,250.34,2043.44,846.39,152.88,6.53,92.56,31.03,8503.99,348.61,0.06,0.40,0.00,0.21,0.02,0.37,30.29,0.11,0.29,0.00,2.56,0.00,6.98,0.02,0.03,0.27,0.17,0.04,0.87,6.98,6.07,141.04
,Almond soup (Badam ka soup),78.65,3.68,10.13,13.80,1.94,0.91,114.95,2.83,327.75,2578.14,2371.07,616.89,28.18,164.86,38.93,8376.94,282.29,0.11,1.63,0.00,0.25,0.02,0.90,37.48,1.00,0.28,0.07,2.47,0.95,8.11,0.02,0.06,0.19,0.23,0.03,2.33,8.11,1.61,164.48
,Cold cucumber cream soup ,11.88,1.76,0.34,0.34,0.51,0.73,8.02,0.16,49.57,187.56,73.56,46.84,0.72,10.71,7.37,207.89,64.98,0.02,0.08,0.00,0.04,0.01,0.07,3.80,0.02,0.42,0.00,2.67,0.00,6.49,0.01,0.01,0.12,0.14,0.02,0.99,6.49,3.85,57.85
,Cold tomato soup,16.90,0.59,0.11,1.56,0.22,0.16,4.20,0.10,69.74,963.69,385.52,79.70,3.88,2.27,2.67,287.15,20.03,0.01,0.10,0.00,0.03,0.02,0.02,17.45,0.05,0.52,0.00,2.62,0.00,2.05,0.00,0.00,0.03,0.02,0.01,0.17,2.05,3.68,368.25
,Chicken stew,127.55,4.44,7.19,8.91,1.43,1.82,31.53,0.90,529.28,1988.35,3026.33,3328.22,32.34,85.88,24.38,79.62,270.59,0.09,4.97,0.00,0.63,0.05,0.57,18.19,1.81,2.56,0.00,9.85,0.00,12.23,0.05,0.07,2.84,0.48,0.23,1.13,12.23,7.04,1520.17
,Veg paneer stew,145.55,10.22,6.98,8.41,4.85,3.08,160.51,1.37,606.74,2836.67,2036.05,2959.74,0.00,122.33,33.52,73.15,272.77,0.14,7.23,0.03,0.87,0.08,1.10,0.00,2.25,4.88,0.00,17.95,0.00,43.37,0.08,0.07,0.65,0.36,0.13,6.63,43.37,13.68,2117.28
,Onion-green chilli parantha/paratha (Pyaaz aur hari mirch ka parantha/paratha),191.27,26.37,4.37,7.27,2.71,5.16,24.91,1.81,796.03,888.73,1432.34,4472.19,0.00,124.85,53.42,241.19,190.31,0.22,18.66,0.00,1.17,0.02,1.15,0.00,3.34,5.05,0.00,5.75,0.00,21.16,0.17,0.06,1.00,0.42,0.13,1.22,21.16,3.99,311.21
,Methi parantha/paratha,148.36,22.19,4.27,4.34,2.44,5.09,65.85,2.42,618.37,558.79,809.69,2655.25,0.00,112.69,54.87,48.36,193.92,0.21,15.87,0.01,1.17,0.02,1.04,0.00,1.96,4.68,0.00,80.90,0.00,31.20,0.16,0.09,0.94,0.44,0.18,1.89,31.20,13.85,2462.55
,Bathua poori,598.79,13.85,2.35,59.14,0.41,1.87,30.83,0.96,2466.82,7228.86,12112.75,37288.29,0.60,46.16,21.24,49.71,98.54,0.08,5.37,0.00,0.55,0.01,0.48,2.25,28.96,2.10,0.00,31.33,0.00,9.65,0.06,0.08,0.37,0.21,0.05,0.28,9.65,5.02,482.82
,Gram flour poori (Besan poori),697.66,10.93,2.59,71.51,0.35,1.94,7.09,0.71,2873.78,8728.20,14666.25,45080.36,0.73,50.15,18.52,58.33,54.35,0.08,6.50,0.00,0.45,0.01,0.42,2.72,35.04,1.58,0.00,5.16,0.00,14.83,0.08,0.03,0.39,0.18,0.06,0.59,14.83,0.00,40.89
,Beetroot poori (Chukandar ki poori),527.66,12.29,1.91,52.18,0.54,1.40,5.38,0.60,2173.70,6371.72,10695.67,32904.93,0.53,38.66,15.32,46.48,56.25,0.07,4.60,0.00,0.34,0.01,0.34,1.99,25.55,1.75,0.00,3.64,0.00,9.18,0.05,0.02,0.28,0.15,0.03,0.25,9.18,0.28,52.56
,Peas poori (Matar ki poori),592.83,14.92,3.04,57.69,0.48,2.25,8.96,0.84,2442.79,7044.73,11826.76,36380.27,0.59,48.59,20.70,47.77,79.58,0.10,5.30,0.00,0.41,0.01,0.51,2.20,28.27,3.77,0.00,10.18,0.00,12.18,0.09,0.02,0.48,0.25,0.06,0.71,12.18,5.50,241.49
,Peas kachori (Matar kachori),584.68,13.25,3.21,57.51,0.50,2.03,14.25,0.77,2408.81,6905.43,11817.05,36371.71,0.00,30.80,16.13,55.45,91.63,0.09,0.40,0.00,0.26,0.01,0.40,0.00,28.29,3.99,0.00,14.45,0.00,15.19,0.09,0.02,0.44,0.26,0.06,1.03,15.19,9.35,346.38
,Pizza,146.77,9.94,6.85,8.72,1.38,1.71,77.23,0.66,609.95,3245.67,2710.49,2330.95,18.65,95.69,18.24,225.02,193.91,0.07,0.75,0.01,0.18,0.01,0.71,21.70,1.39,6.92,0.00,13.96,0.00,29.46,0.07,0.14,1.33,0.42,0.12,3.24,29.46,14.43,1498.75
,Bacon and mushroom pancake,157.67,8.47,6.82,10.60,1.23,1.59,44.74,0.54,654.37,5524.99,3332.13,871.87,39.23,91.42,15.73,344.23,210.33,0.07,3.33,0.00,0.11,0.01,0.62,78.05,0.24,8.47,0.03,11.54,0.50,12.00,0.18,0.09,1.52,0.61,0.17,3.79,12.00,1.58,111.81
,Cheese and tomato pancake,147.39,10.66,5.15,9.28,3.48,1.06,127.51,0.64,612.56,5633.56,2467.14,427.64,38.27,160.54,16.30,281.62,151.49,0.06,2.54,0.00,0.15,0.01,0.66,100.44,0.36,4.27,0.03,8.82,0.55,14.99,0.05,0.08,0.30,0.36,0.07,2.61,14.99,8.81,1887.42
,Minced meat pancake (with chicken),116.04,8.18,12.01,10.48,1.29,0.70,64.72,1.99,483.97,2317.33,1229.41,311.17,33.26,138.44,25.38,4942.18,254.70,0.13,6.11,0.00,0.18,0.02,0.75,37.16,0.27,0.73,0.37,2.91,7.35,9.50,0.05,0.05,2.14,0.47,0.16,2.17,9.50,1.59,494.43
,Eggplant/Brinjal rice (Vangi bhat),184.80,31.74,5.28,3.67,4.36,4.44,36.02,1.91,772.30,546.79,1420.41,1411.90,0.00,104.30,46.75,59.06,305.33,0.30,3.84,0.01,0.57,0.14,0.88,0.00,0.83,3.64,0.00,9.03,0.00,26.48,0.14,0.07,1.19,0.48,0.12,0.92,26.48,1.11,372.78
,Kashmiri 'tahar',98.21,19.11,1.95,1.37,0.17,0.98,3.93,0.32,410.14,760.23,346.30,118.32,3.02,35.26,7.58,61.29,40.82,0.07,0.31,0.00,0.22,0.04,0.28,11.32,0.10,0.04,0.00,0.50,0.00,2.44,0.04,0.02,0.62,0.14,0.05,0.08,2.44,0.01,40.06
,Cumin pulao (Jeera/Zeera pulao),135.24,23.61,2.47,3.20,0.64,1.40,7.25,0.33,563.93,406.05,665.80,1959.83,0.00,45.21,11.29,219.73,62.11,0.09,0.39,0.00,0.27,0.03,0.36,0.00,1.49,0.10,0.00,1.50,0.00,5.12,0.06,0.02,0.78,0.19,0.07,0.29,5.12,0.52,22.50
,Peas pulao (Matar pulao),108.87,18.42,3.89,1.90,1.30,3.21,18.18,0.78,454.41,250.63,389.75,1154.32,0.00,47.16,21.46,86.18,135.07,0.14,0.79,0.00,0.46,0.02,0.60,0.00,0.93,4.32,0.00,15.48,0.00,23.43,0.12,0.02,0.89,0.36,0.11,1.73,23.43,13.22,435.63
,Split bengal gram dal and vegetable pulao (Channa dal and vegetable pulao),116.53,19.72,3.60,2.30,1.59,3.16,19.09,0.82,486.37,294.50,451.73,1362.12,0.00,57.29,21.07,98.07,162.09,0.14,2.81,0.00,0.49,0.03,0.59,0.00,0.98,1.92,0.00,8.67,0.00,23.58,0.09,0.03,0.77,0.33,0.10,1.14,23.58,6.13,1281.25
,Black channa pulao/ Bengal gram pulao (Kale chane ka pulao),125.51,21.55,3.44,2.58,1.99,2.69,16.51,0.77,523.84,328.01,512.67,1520.63,0.00,59.48,20.05,103.09,148.31,0.14,3.58,0.00,0.51,0.03,0.57,0.00,1.04,0.46,0.00,2.36,0.00,22.26,0.07,0.03,0.74,0.30,0.09,0.91,22.26,2.04,107.28
,Mutton pulao,130.77,11.26,6.52,10.78,1.00,1.65,49.87,1.25,544.13,1212.74,1665.93,2839.89,2.35,80.01,22.89,3115.59,177.66,0.11,0.59,0.00,0.49,0.04,0.41,8.22,2.11,0.38,0.00,2.03,0.00,5.94,0.06,0.04,1.21,0.15,0.05,0.44,5.94,0.68,61.83
,Chicken pulao,108.24,11.17,6.07,8.48,0.99,1.64,32.25,0.98,450.53,1321.87,1873.06,1844.97,11.55,79.36,24.80,3093.47,170.81,0.11,1.78,0.00,0.49,0.04,0.51,12.17,1.10,0.37,0.00,1.89,0.00,5.79,0.05,0.04,1.12,0.26,0.09,0.59,5.79,0.67,57.46
,Mexican rice,120.57,14.21,4.62,4.88,1.44,1.64,14.51,0.55,502.28,1319.72,1392.69,1834.46,11.90,60.72,14.39,93.42,147.26,0.08,0.56,0.00,0.28,0.02,0.80,0.77,1.40,3.58,0.00,8.31,0.00,10.25,0.06,0.05,1.34,0.32,0.10,1.03,10.25,8.25,1718.39
,Plain khitchdi (Plain khichri/khichdi),57.03,10.04,1.72,1.01,0.12,0.85,5.05,0.31,238.08,538.13,250.79,96.34,2.14,30.71,9.97,37.14,69.32,0.07,1.88,0.00,0.16,0.04,0.22,8.03,0.07,0.14,0.00,1.92,0.00,4.56,0.03,0.01,0.34,0.12,0.03,0.08,4.56,0.14,102.54
,Instant idli (with semolina),247.29,43.40,9.16,3.61,3.35,7.13,93.20,2.31,1034.13,875.88,777.03,1580.84,3.12,136.84,42.92,1504.66,348.78,0.31,8.54,0.01,1.25,0.13,1.56,7.94,1.14,7.99,0.00,15.03,0.00,25.74,0.21,0.13,0.99,0.65,0.12,1.08,25.74,0.40,3788.41
,Plain dosa,380.91,64.08,10.34,8.43,0.70,5.23,19.35,1.50,1588.71,5030.31,2054.45,578.76,19.90,178.40,55.44,142.98,344.39,0.32,5.84,0.01,0.86,0.18,1.39,89.50,0.27,1.75,0.00,3.46,0.00,25.35,0.16,0.07,2.11,1.00,0.20,0.41,25.35,0.00,151.37
,Masala dosa mixed vegetable fillings,144.53,23.02,4.84,3.26,1.53,4.31,31.79,1.21,602.95,1456.66,744.00,759.59,5.18,82.16,36.14,122.08,329.75,0.17,2.62,0.01,0.47,0.09,0.72,23.32,0.55,5.17,0.00,17.83,0.00,32.21,0.11,0.04,1.04,0.59,0.15,1.72,32.21,18.77,2180.08
,Masala dosa paneer fillings,243.12,29.76,10.31,8.84,4.81,3.11,171.23,1.27,1014.71,4689.98,2337.78,1080.24,7.29,180.53,39.72,160.40,226.69,0.19,10.14,0.04,0.51,0.12,1.48,32.77,0.69,4.90,0.00,11.26,0.00,47.77,0.08,0.07,0.99,0.62,0.13,7.09,47.77,5.83,1342.68
,Uttapam,255.95,36.28,6.18,9.03,1.50,4.40,40.86,1.23,1065.34,3233.07,2007.80,3178.61,10.57,109.53,41.71,228.69,286.22,0.21,3.76,0.01,0.57,0.11,0.86,47.52,2.42,5.74,0.00,25.36,0.00,27.96,0.10,0.05,1.29,0.64,0.17,0.89,27.96,9.04,2185.70
,Appam,267.70,13.28,3.12,22.63,4.16,6.19,6.36,0.83,1120.32,15309.58,1345.02,375.38,0.00,55.20,23.30,26.59,161.42,0.23,0.25,0.00,0.51,0.01,0.46,0.00,1.49,0.09,0.00,12.83,0.00,18.05,0.04,0.06,0.52,0.18,0.08,0.38,18.05,1.68,119.31
,Beans and macaroni,136.08,14.24,4.58,7.01,1.68,2.05,86.86,0.75,569.73,4248.25,1774.30,416.38,19.67,126.74,27.05,182.79,221.16,0.09,3.96,0.00,0.26,0.02,0.62,77.42,0.29,3.54,0.00,12.40,0.00,32.50,0.06,0.06,0.95,0.34,0.22,3.31,32.50,6.51,1988.59
,Spaghetti bolognese,97.43,10.04,9.35,9.51,1.41,1.08,73.66,2.06,408.45,1968.68,1294.08,933.05,13.91,145.25,29.25,5358.60,271.96,0.10,2.80,0.00,0.23,0.01,1.06,21.59,0.69,3.84,0.00,8.35,0.00,10.09,0.05,0.04,1.05,0.30,0.08,1.31,10.09,7.45,2074.06
,Meat and macaroni casserole,161.55,16.12,9.15,10.17,1.00,1.19,68.28,1.85,676.14,977.77,928.63,2307.13,2.13,107.55,22.39,2511.99,329.91,0.09,2.55,0.00,0.27,0.01,0.46,9.57,1.75,0.49,0.00,2.92,0.00,11.85,0.09,0.05,2.38,0.24,0.06,0.74,11.85,7.25,783.11
,Spaghetti with meat balls and tomato sauce,158.13,10.46,5.61,10.64,1.87,1.11,40.82,0.71,658.93,2419.92,2646.83,4840.90,16.15,81.06,15.30,189.13,152.86,0.07,2.56,0.00,0.30,0.01,0.90,8.19,3.73,3.36,0.00,9.09,0.00,11.34,0.06,0.05,1.37,0.32,0.08,1.17,11.34,7.93,1612.46
,Spaghetti with paneer balls and tomato sauce,158.54,12.72,3.95,10.44,3.03,1.25,80.73,0.55,660.93,2176.33,2245.06,5341.15,2.57,79.17,15.07,199.55,113.95,0.07,4.33,0.01,0.35,0.01,0.53,8.17,4.14,3.78,0.00,10.19,0.00,19.84,0.05,0.03,0.58,0.21,0.06,2.61,19.84,8.89,1823.26
,Lasagne with meat sauce,63.38,5.38,2.90,3.43,1.04,0.47,24.61,0.49,265.00,1502.81,1423.05,225.54,8.80,41.98,8.28,37.08,88.89,0.04,1.40,0.00,0.08,0.01,0.46,10.70,0.15,1.80,0.00,5.49,0.00,6.35,0.03,0.04,0.67,0.20,0.05,0.72,6.35,4.52,1063.57
,Lasagne with vegetables,49.23,5.90,1.71,2.16,1.37,0.66,32.89,0.57,206.40,1059.88,740.19,166.21,2.81,32.55,13.26,40.78,126.45,0.05,1.39,0.00,0.16,0.01,0.23,12.58,0.31,1.49,0.00,23.08,0.00,16.32,0.05,0.03,0.37,0.14,0.05,1.07,16.32,10.24,1393.17
,Home made egg noodles,240.84,42.92,6.55,4.37,1.03,1.60,15.96,1.15,1005.75,791.18,2577.80,559.43,38.27,83.10,18.54,177.24,90.12,0.10,1.83,0.00,0.37,0.01,0.57,19.17,0.29,3.89,0.12,2.30,1.61,13.37,0.09,0.04,0.47,0.51,0.06,2.65,13.37,0.00,164.61
,Sour lentils (Khatti dal),34.79,6.04,2.22,0.12,1.25,1.22,8.29,0.85,145.56,19.42,17.72,52.16,0.00,30.74,9.99,115.60,98.52,0.10,4.15,0.00,0.18,0.05,0.34,0.00,0.02,0.58,0.00,1.10,0.00,6.20,0.04,0.02,0.22,0.14,0.03,0.28,6.20,0.52,104.41
,Urad special dehusked,69.43,8.86,3.14,2.17,1.32,2.50,16.40,0.83,289.35,1160.66,519.38,228.23,4.62,55.69,28.53,109.56,233.34,0.11,2.78,0.00,0.38,0.05,0.46,17.32,0.17,2.15,0.00,4.97,0.00,20.46,0.04,0.02,0.37,0.43,0.07,0.97,20.46,6.54,557.32
,Arhar with spinach (Arhar dal aur palak),52.84,4.77,2.05,2.76,0.23,1.30,21.81,0.89,219.53,1501.83,696.28,239.25,6.10,32.58,23.79,109.97,205.61,0.12,1.35,0.00,0.31,0.05,0.29,22.86,0.33,0.35,0.00,44.78,0.00,26.26,0.06,0.02,0.24,0.13,0.05,0.57,26.26,4.66,1307.38
,Moong dal with vadi,24.08,1.00,0.40,2.05,0.45,0.39,2.99,0.18,99.51,1152.82,521.45,161.44,4.75,6.77,3.98,112.36,33.66,0.02,0.03,0.00,0.10,0.02,0.06,17.81,0.16,0.65,0.00,1.95,0.00,3.18,0.01,0.01,0.07,0.03,0.02,0.22,3.18,2.81,318.11
,Rasam with tamarind (Puli rasam/ Chintapandu rasam/ Charu/Saaru),26.74,3.37,1.13,0.88,0.83,1.60,16.56,0.59,111.55,110.60,214.46,454.77,0.00,21.12,14.66,104.11,130.66,0.07,0.97,0.00,0.18,0.09,0.17,0.00,0.33,3.02,0.00,13.00,0.00,7.36,0.03,0.02,0.29,0.08,0.04,0.24,7.36,4.43,2711.24
,Rasam with lemon (Nimmakaya rasam/Nimmakaya charu/Elumichai rasam/Nimbe hannina saaru),24.41,2.85,1.11,0.87,0.44,1.54,15.56,0.52,101.82,111.03,211.75,451.35,0.00,20.21,13.98,102.77,124.52,0.07,0.96,0.00,0.17,0.07,0.16,0.00,0.33,2.79,0.00,12.84,0.00,7.33,0.03,0.02,0.27,0.08,0.04,0.24,7.33,5.00,2678.95
,Green gram whole with baghar (Sabut moong dal with tadka),63.43,6.80,3.23,2.48,0.15,3.02,25.04,1.00,264.04,1353.11,620.47,232.59,5.45,52.02,32.57,181.69,192.66,0.15,3.19,0.00,0.53,0.12,0.42,20.42,0.20,0.80,0.00,3.92,0.00,20.06,0.07,0.04,0.34,0.28,0.06,0.24,20.06,0.21,197.72
,Urad sabut special,79.39,5.03,2.33,5.46,0.86,2.15,21.45,0.71,329.11,3169.12,1397.99,365.51,13.38,42.63,20.55,60.09,160.47,0.08,2.51,0.00,0.31,0.07,0.33,52.57,0.36,4.15,0.00,8.24,0.00,18.22,0.04,0.03,0.32,0.35,0.07,0.58,18.22,6.44,1554.75
,Kabuli channa curry,68.57,7.63,2.92,3.06,1.24,1.12,32.03,0.95,287.29,387.45,628.63,1791.70,0.15,46.28,23.41,122.05,190.00,0.14,0.36,0.00,0.68,0.03,0.44,0.39,1.49,2.13,0.00,8.48,0.00,26.18,0.06,0.04,0.36,0.26,0.09,0.51,26.18,4.56,948.30
,Besan gatte curry,189.38,16.26,7.75,10.72,4.50,3.25,151.08,1.89,791.86,2239.71,2353.20,5362.63,2.80,128.59,37.09,356.27,274.59,0.13,3.22,0.01,0.81,0.08,0.89,7.12,4.19,2.02,0.00,11.94,0.00,52.81,0.12,0.12,0.68,0.46,0.15,4.35,52.81,5.24,1097.60
,Dry masala chops,135.07,3.30,9.08,9.54,2.27,0.86,112.25,1.39,563.44,822.52,871.28,2214.07,2.24,103.52,10.66,83.47,219.97,0.03,0.54,0.00,0.34,0.03,0.23,5.69,1.70,0.47,0.00,4.54,0.00,10.29,0.09,0.12,2.89,0.16,0.05,0.89,10.29,1.27,162.73
,Mutton korma,115.64,2.53,7.09,8.54,1.64,0.78,79.07,1.09,481.74,1168.11,966.88,1809.20,3.90,75.78,8.63,56.94,165.87,0.03,0.25,0.00,0.16,0.01,0.16,18.17,1.40,0.25,0.00,3.19,0.00,8.68,0.07,0.08,2.32,0.12,0.03,0.79,8.68,1.51,116.20
,Shahi keema kofta curry,418.13,1.73,4.14,43.83,0.78,0.91,14.51,0.67,1722.07,6172.19,9503.20,26149.47,14.97,46.65,12.06,104.53,119.63,0.05,0.49,0.00,0.26,0.04,0.78,0.97,20.27,1.59,0.00,7.58,0.00,5.60,0.04,0.04,1.05,0.24,0.07,0.80,5.60,3.40,662.29
,Minced meat ball curry,109.79,2.86,6.82,7.85,1.27,1.49,23.84,1.01,456.26,2449.63,2445.44,2350.81,24.77,75.90,18.97,170.06,194.09,0.08,0.82,0.00,0.47,0.06,1.28,1.61,1.73,2.66,0.00,8.52,0.00,9.08,0.06,0.07,1.72,0.39,0.11,1.32,9.08,5.53,1085.56
,Boti kebab,132.86,3.06,9.22,9.27,2.09,0.76,98.67,1.41,554.28,600.83,714.80,1926.09,1.21,95.61,9.99,78.14,221.64,0.03,0.53,0.00,0.19,0.01,0.18,3.07,1.47,0.84,0.00,2.18,0.00,12.03,0.10,0.10,3.11,0.15,0.05,0.72,12.03,8.26,86.90
,Mutton seekh kebab,133.94,3.11,11.25,8.43,1.40,1.88,117.44,2.19,560.46,113.45,431.57,257.35,0.00,105.95,19.83,102.17,269.59,0.08,0.51,0.00,0.50,0.12,0.23,0.00,0.22,0.94,0.00,8.27,0.00,11.78,0.13,0.09,3.96,0.10,0.04,0.65,11.78,8.82,244.74
,Indian lamb and egg curry (Nargisi kofta),335.75,2.07,3.84,34.70,0.75,0.60,12.91,0.55,1383.64,5010.52,7559.21,20490.22,44.04,47.06,8.06,57.44,85.80,0.04,4.18,0.00,0.11,0.02,0.56,25.09,15.96,0.61,0.08,4.01,1.40,11.35,0.03,0.05,0.60,0.30,0.06,2.43,11.35,1.96,268.45
,Soya chunks sweet and sour (Nutrinugget sweet and sour),500.94,3.27,2.85,55.99,1.10,0.86,13.89,0.70,2061.90,6602.28,11138.25,33675.70,23.51,41.68,11.23,2257.67,111.45,0.04,1.31,0.00,0.16,0.01,0.17,12.18,26.18,1.05,0.07,6.48,0.98,8.79,0.02,0.01,0.16,0.13,0.04,2.29,8.79,8.19,237.51
,Soya chunks korma (Nutrinugget korma),131.43,7.67,3.86,9.50,4.66,2.57,89.70,1.18,546.59,2248.84,2138.19,4320.55,3.32,94.03,33.57,148.98,252.27,0.15,1.46,0.00,0.81,0.12,0.62,8.44,3.27,1.26,0.00,8.58,0.00,19.98,0.06,0.10,0.33,0.33,0.12,1.88,19.98,4.66,295.50
,Mushroom matar,70.77,5.33,2.79,4.11,1.39,3.13,21.42,0.81,293.62,519.35,811.16,2560.04,0.00,42.27,21.71,61.63,214.87,0.10,0.40,0.01,0.56,0.04,0.37,0.00,2.00,10.34,0.00,21.21,0.00,20.57,0.07,0.02,0.61,0.33,0.11,3.52,20.57,14.89,1737.12
,Soya chunks and peas (Nutrinugget matar),82.62,5.82,3.03,5.11,1.64,2.86,20.32,0.99,342.63,640.48,1026.66,3128.07,0.00,34.93,22.75,70.97,173.49,0.11,0.47,0.00,0.66,0.05,0.45,0.00,2.44,6.67,0.00,21.66,0.00,23.37,0.09,0.02,0.54,0.28,0.10,1.67,23.37,17.56,2049.02
,Vegetable yakhni,406.06,1.94,1.18,43.80,1.44,0.61,43.67,0.24,1672.03,5529.83,9567.01,26820.42,1.92,34.30,7.80,38.05,82.80,0.02,0.72,0.00,0.19,0.01,0.17,4.88,20.61,0.33,0.00,3.83,0.00,10.60,0.02,0.05,0.08,0.19,0.02,0.92,10.60,0.95,30.54
,Spinach mushroom (Palak mushroom),47.63,2.95,1.94,2.96,1.00,2.27,49.75,1.69,197.65,988.63,607.92,1125.26,2.89,35.93,52.12,70.97,416.07,0.12,1.10,0.02,0.70,0.01,0.32,12.99,1.40,5.08,0.00,172.25,0.00,78.93,0.10,0.06,0.39,0.24,0.12,3.80,78.93,20.40,5865.56
,Vegetarian nargisi kofta curry,332.15,6.58,2.29,32.94,1.65,0.86,47.09,0.38,1369.48,4675.81,6860.49,19930.77,1.03,42.55,11.15,73.56,147.70,0.05,2.10,0.01,0.14,0.02,0.34,5.47,15.47,0.97,0.00,5.44,0.00,14.52,0.03,0.02,0.33,0.16,0.04,2.19,14.52,6.83,479.04
,Roast chicken,199.90,0.10,20.49,13.06,0.05,0.03,13.61,0.79,833.38,3695.47,2105.25,505.76,69.66,168.30,19.34,71.71,280.00,0.26,17.41,0.00,0.03,0.01,0.74,60.39,0.38,0.03,1.29,0.58,26.05,9.86,0.09,0.06,7.56,1.08,0.50,3.88,9.86,0.23,36.67
,Shahi chicken masala,163.70,4.07,9.82,12.02,2.86,0.96,82.68,0.89,680.74,2887.01,2386.90,3922.17,24.78,124.15,21.76,142.56,230.91,0.14,10.48,0.01,0.24,0.02,0.63,20.26,2.99,1.07,0.47,5.54,9.55,18.74,0.06,0.06,2.95,0.53,0.22,3.95,18.74,2.84,501.22
,Tomato chicken,111.68,2.13,10.57,6.71,0.93,1.42,21.24,0.87,465.81,685.21,1027.06,1706.20,27.94,95.13,21.29,104.83,252.17,0.17,8.49,0.00,0.18,0.03,0.48,3.16,1.37,5.56,0.63,15.68,12.62,13.73,0.07,0.05,3.96,0.63,0.30,2.47,13.73,13.91,2873.12
,Creamy chicken,152.87,3.13,13.52,9.57,2.11,0.69,50.37,0.82,637.49,1905.47,1579.29,2045.71,39.28,136.76,21.54,97.08,267.95,0.18,10.58,0.00,0.18,0.01,0.64,27.78,1.59,0.35,0.76,9.26,15.34,15.01,0.08,0.09,4.58,0.80,0.34,3.34,15.01,3.43,437.06
,Broccoli chicken ala king,119.56,5.34,7.97,7.57,2.49,1.92,73.36,0.78,500.33,3647.71,1626.40,366.19,27.85,111.25,19.27,104.01,297.25,0.10,4.72,0.00,0.16,0.01,0.67,61.75,0.92,0.03,0.29,78.70,5.89,44.67,0.10,0.14,2.12,0.68,0.19,3.56,44.67,33.80,285.51
,Ginger chicken,129.17,5.60,8.24,8.24,1.95,1.21,18.41,0.96,538.19,931.03,1401.98,3515.07,19.24,76.28,19.98,365.86,228.87,0.13,6.84,0.00,0.40,0.01,0.40,2.18,2.69,1.68,0.48,6.49,8.69,16.75,0.05,0.04,2.83,0.55,0.23,2.80,16.75,13.01,319.87
,Chicken sweet and sour,445.09,2.67,6.92,47.59,0.89,0.58,21.98,0.93,1834.35,5583.19,9338.18,27686.40,32.47,77.46,13.05,1809.94,153.46,0.09,5.04,0.00,0.12,0.00,0.37,11.50,21.55,0.87,0.35,5.33,6.74,8.92,0.03,0.02,1.85,0.35,0.14,2.76,8.92,6.73,195.14
,Chicken korma,147.96,5.43,9.83,9.67,3.32,1.82,68.66,1.06,616.78,1864.37,1828.76,3105.99,23.66,123.22,29.57,119.21,277.53,0.19,7.46,0.00,0.57,0.09,0.68,8.46,2.39,0.89,0.48,6.06,9.61,16.96,0.07,0.09,3.02,0.63,0.26,2.76,16.96,2.89,205.18
,Bengal fish curry (Bengali machli curry),109.43,4.42,7.26,7.03,2.39,1.93,44.44,0.85,458.08,1572.69,3341.41,1449.01,13.92,95.07,27.62,76.38,207.98,0.08,9.85,0.01,0.87,0.05,0.44,11.12,0.46,1.18,0.20,7.87,0.32,14.96,0.04,0.03,0.66,0.50,0.09,1.10,14.96,3.02,361.12
,Fish finger,542.90,4.47,5.66,55.82,0.17,0.34,11.38,0.38,2236.49,7271.08,11528.49,34548.42,30.00,67.87,12.17,103.55,135.39,0.04,9.15,0.00,0.05,0.00,0.26,17.99,27.01,0.17,0.18,3.73,1.05,7.85,0.03,0.02,0.50,0.39,0.06,1.19,7.85,3.18,47.23
,Fish in coconut milk (Nariyal ke doodh ke saath machli),86.21,2.73,8.66,4.43,1.55,1.52,21.94,0.91,359.89,2118.42,492.67,1035.87,17.13,99.28,23.46,73.93,190.38,0.10,23.80,0.01,0.24,0.03,0.38,6.02,1.07,1.08,0.08,6.82,1.94,11.67,0.04,0.05,1.11,0.59,0.08,2.75,11.67,3.29,279.51
,Prawn curry (with coconut) (Jhinga curry),109.55,3.10,8.54,6.93,2.03,1.56,37.25,0.96,456.07,2466.34,1037.81,2379.04,37.12,115.45,35.67,375.86,150.65,0.23,25.13,0.01,0.18,0.06,0.72,0.65,3.54,1.65,0.62,7.49,155.70,15.25,0.02,0.03,0.66,0.95,0.09,0.41,15.25,1.30,290.41
,Baked stuffed fish,121.96,2.12,16.14,5.43,0.35,0.38,18.80,0.35,510.13,2888.68,1141.42,813.98,36.95,182.00,29.35,74.36,242.97,0.06,24.39,0.01,0.05,0.01,0.48,37.50,1.08,1.52,0.50,2.59,0.81,11.02,0.05,0.03,1.25,0.95,0.12,0.46,11.02,2.14,422.28
,Fish pie,120.90,7.74,9.25,5.77,1.13,0.76,36.15,0.46,504.07,3348.72,1359.11,552.32,23.97,123.74,24.55,101.80,316.28,0.07,12.54,0.01,0.10,0.02,0.41,43.75,0.65,0.34,0.25,3.63,0.40,12.12,0.05,0.04,0.94,0.67,0.10,0.95,12.12,8.84,183.60
,Crispy baked fish,138.40,9.59,10.95,6.41,1.53,1.21,60.04,0.55,579.51,3546.25,1436.51,584.93,28.89,147.43,24.23,192.42,208.73,0.07,14.37,0.01,0.15,0.02,0.51,56.78,0.70,3.33,0.27,8.22,0.44,16.53,0.07,0.04,1.03,0.60,0.10,1.22,16.53,6.00,1112.31
,Fish souffle,139.71,5.14,10.51,8.55,2.09,0.19,63.87,0.59,582.36,4629.53,2325.81,708.10,84.69,148.86,18.50,92.45,167.34,0.05,17.30,0.01,0.06,0.02,0.57,82.71,0.85,0.37,0.35,0.64,2.81,15.32,0.05,0.09,0.56,0.80,0.09,3.93,15.32,0.82,144.69
,Potato curry (Aloo ki sabzi),89.56,10.42,1.52,4.47,1.58,2.42,23.74,0.97,372.12,548.66,961.12,2684.73,0.00,38.19,25.30,78.40,383.45,0.10,0.51,0.00,0.28,0.05,0.31,0.00,2.08,3.37,0.00,12.09,0.00,17.65,0.05,0.02,0.76,0.31,0.10,1.43,17.65,20.92,1767.43
,Egg curry (Anda curry),117.52,4.03,5.38,8.81,1.90,2.09,41.59,1.52,488.28,1676.70,2417.37,3865.28,120.74,83.17,21.72,142.12,198.53,0.10,13.53,0.00,0.29,0.07,0.63,65.32,3.22,4.36,0.28,14.68,4.82,29.51,0.05,0.08,0.37,0.64,0.12,7.03,29.51,12.55,2257.77
,Vegetable curry with coconut ,83.07,7.19,2.77,4.66,1.41,3.35,19.63,0.95,346.17,1806.59,659.09,1488.59,0.00,33.58,23.16,43.40,215.47,0.12,0.62,0.00,0.30,0.04,0.45,0.00,1.32,5.28,0.00,19.42,0.00,23.60,0.10,0.02,0.64,0.31,0.10,1.72,23.60,18.73,1287.89
,Curd with potatoes (Dahi aloo),59.90,7.15,1.56,2.72,1.82,1.19,36.36,0.47,249.60,539.65,579.46,1432.54,1.45,43.34,15.87,51.99,259.27,0.05,0.56,0.00,0.16,0.02,0.25,3.69,1.11,1.48,0.00,5.75,0.00,11.79,0.04,0.04,0.47,0.24,0.07,1.14,11.79,11.32,788.54
,Potato kofta curry (Aloo kofta curry),455.40,2.78,0.56,49.08,0.63,0.56,7.77,0.26,1873.55,6069.45,10159.06,30803.69,2.60,13.24,6.90,30.12,97.57,0.03,0.33,0.00,0.12,0.02,0.09,5.25,24.00,0.74,0.00,5.74,0.07,4.76,0.01,0.01,0.19,0.09,0.03,0.52,4.76,4.57,364.69
,Yam kofta curry (Zimikand/Suran kofta curry),322.88,3.75,0.71,33.84,0.63,1.04,8.35,0.31,1328.95,4280.24,6973.53,21150.96,3.54,15.20,8.55,42.22,109.02,0.05,0.38,0.00,0.10,0.01,0.11,7.14,16.51,0.95,0.01,6.05,0.10,5.79,0.01,0.01,0.16,0.10,0.05,1.06,5.79,4.81,458.69
,Jackfruit kofta curry (Kathal ka kofta curry),321.08,3.17,0.80,33.83,2.40,0.96,11.36,0.24,1321.43,4279.45,6978.52,21145.48,3.54,10.97,8.78,40.04,79.59,0.05,0.29,0.00,0.14,0.01,0.08,7.14,16.46,2.11,0.01,11.08,0.10,8.43,0.02,0.01,0.14,0.08,0.05,1.03,8.43,3.66,460.06
,Spinach and potato (Palak aloo),57.17,5.91,1.63,2.82,0.93,2.04,43.67,1.59,237.65,394.95,532.95,1712.18,0.00,31.34,49.44,62.46,457.28,0.12,1.15,0.01,0.63,0.01,0.33,0.00,1.81,2.07,0.00,150.69,0.00,72.22,0.10,0.05,0.51,0.25,0.12,2.56,72.22,23.49,5207.79
,Mooli bhujia,91.20,4.74,1.69,7.25,1.07,2.36,131.88,2.37,381.68,903.09,4077.92,1643.67,0.00,41.21,40.41,89.73,282.60,0.18,16.74,0.03,0.73,0.05,0.38,0.00,0.08,1.12,0.00,96.46,0.00,38.24,0.04,0.08,0.41,0.16,0.13,3.17,38.24,40.71,4782.41
,Bathua bhujia,90.90,3.63,2.26,7.29,1.08,3.80,165.84,2.36,380.42,908.66,4068.55,1670.72,0.00,36.77,43.74,81.99,387.93,0.10,1.12,0.00,1.45,0.03,0.82,0.00,0.23,1.17,0.00,171.93,0.00,36.12,0.05,0.39,0.50,0.36,0.16,1.28,36.12,33.57,2695.52
,Cabbage rolls (dry) ((Pattagobhi rolls) (dry)),142.48,6.09,8.21,9.36,1.26,1.84,31.54,0.98,592.14,3823.56,2935.26,1905.27,32.90,92.25,20.93,118.05,252.57,0.08,1.19,0.00,0.28,0.03,1.43,24.85,1.34,0.72,0.00,43.53,0.00,22.86,0.07,0.09,1.94,0.50,0.15,1.65,22.86,15.26,206.24
,Cabbage rolls (curry) ((Pattagobhi rolls)(curry)),124.63,7.03,5.76,8.17,3.81,2.35,29.82,0.95,518.75,2530.90,2248.07,2858.41,18.79,75.47,26.41,123.98,425.86,0.14,0.93,0.00,0.33,0.03,0.98,14.19,3.20,0.59,0.00,26.14,0.00,23.38,0.25,0.08,1.89,0.33,0.16,2.45,23.38,18.48,499.78
,Dry arbi (Sookhi arbi),134.95,11.11,2.12,8.97,1.55,2.47,22.77,0.68,558.91,1098.14,1839.85,5631.39,0.00,50.67,25.76,81.25,322.90,0.18,0.23,0.01,0.41,0.05,0.31,0.00,4.50,1.32,0.00,5.91,0.00,16.33,0.04,0.02,0.40,0.14,0.12,2.36,16.33,4.04,515.00
,Masala arbi,185.38,16.16,3.01,11.90,0.81,3.10,32.08,0.99,768.05,1448.02,2417.55,7464.85,0.00,74.02,35.19,261.31,467.53,0.27,0.29,0.01,0.47,0.06,0.40,0.00,6.02,0.31,0.00,3.95,0.00,17.32,0.05,0.03,0.51,0.11,0.16,3.18,17.32,1.63,98.56
,Peas brinjal bhartha (Matar baingan bhartha),84.55,5.02,2.05,6.05,1.57,3.63,19.63,0.63,350.00,751.37,1205.36,3769.39,0.00,33.02,22.00,63.65,224.01,0.11,0.23,0.00,0.21,0.02,0.32,0.00,2.92,3.58,0.00,19.01,0.00,31.52,0.08,0.07,0.59,0.32,0.09,1.94,31.52,10.65,1160.05
,Okra/Lady's fingers fry (Bhindi sabzi/sabji/subji),110.81,4.50,1.83,9.27,1.42,3.57,67.88,0.88,457.73,1153.17,1883.92,5827.37,0.00,49.02,52.60,92.78,233.03,0.12,0.81,0.00,0.29,0.04,0.41,0.00,4.82,5.57,0.00,17.16,0.00,51.27,0.04,0.05,0.53,0.26,0.22,1.62,51.27,17.48,927.88
,Crispy okra/Crispy lady's fingers (Karare bhindi),657.76,4.35,1.91,70.40,0.26,1.75,27.61,0.56,2707.49,8460.50,14440.07,44532.29,0.00,27.93,20.56,40.42,90.14,0.06,0.48,0.00,0.18,0.01,0.21,0.00,34.73,1.76,0.00,10.35,0.00,26.27,0.04,0.03,0.29,0.14,0.09,0.86,26.27,5.29,332.23
,Beans foogath,105.06,3.26,2.03,9.22,1.70,4.15,44.20,0.95,435.99,3045.03,1404.54,3683.60,0.00,42.52,30.98,81.22,259.29,0.10,0.42,0.00,0.29,0.04,0.35,0.00,3.03,2.72,0.00,16.08,0.00,47.50,0.04,0.04,0.60,0.23,0.32,4.23,47.50,3.51,1251.99
,Stuffed bittergourd (wet) (Bharwa karele),162.36,4.68,1.36,15.24,1.95,2.86,17.25,0.91,669.50,1900.97,3100.73,9587.57,0.00,34.61,24.19,360.09,246.15,0.09,2.79,0.01,0.35,0.03,0.35,0.00,7.43,1.21,0.00,4.99,0.00,40.30,0.04,0.03,0.28,0.25,0.06,4.35,40.30,29.99,303.63
,Jackfruit/Kathal (dry),488.97,4.56,0.93,51.78,3.55,1.33,12.79,0.33,2012.05,6230.40,10621.65,32777.55,0.00,11.06,11.71,33.68,106.26,0.07,0.03,0.00,0.17,0.02,0.09,0.00,25.50,2.74,0.00,15.88,0.00,11.45,0.02,0.01,0.19,0.08,0.07,1.26,11.45,4.49,470.96
,Yam fried (Zimikand/Suran fried),491.76,5.47,0.79,51.79,0.80,1.44,8.11,0.43,2023.72,6231.64,10613.90,32786.05,0.00,17.62,11.35,37.07,151.93,0.08,0.17,0.00,0.12,0.02,0.13,0.00,25.58,0.94,0.00,8.06,0.00,7.36,0.02,0.01,0.22,0.12,0.06,1.31,7.36,6.27,468.83
,"Cauliflower, pea and potato bhujia (Phoolgobhi, matar aur aloo bhujia)",95.67,8.23,2.75,5.54,1.47,3.26,21.05,0.98,396.86,695.82,1102.61,3454.94,0.00,40.55,25.64,86.29,305.30,0.11,0.66,0.00,0.35,0.05,0.45,0.00,2.69,4.84,0.00,20.49,0.00,31.40,0.09,0.03,0.70,0.43,0.12,2.23,31.40,27.98,1274.92
,Vegetable jalfrezi,68.48,5.43,1.40,4.38,1.79,2.97,27.11,0.68,283.89,557.13,871.26,2716.43,0.00,33.26,22.88,79.46,270.92,0.08,0.62,0.01,0.30,0.05,0.24,0.00,2.10,4.08,0.00,32.60,0.00,28.31,0.05,0.04,0.58,0.24,0.14,2.09,28.31,25.93,4668.31
,Vegetables stir fry ,30.78,3.19,1.04,1.47,0.86,1.37,13.30,0.34,128.24,191.15,298.34,893.23,0.00,15.82,8.61,55.00,115.07,0.04,0.27,0.00,0.10,0.01,0.21,0.00,0.80,2.42,0.00,18.73,0.00,15.94,0.04,0.02,0.24,0.18,0.05,0.91,15.94,9.82,656.77
,Broccoli delight,40.70,2.34,2.49,2.48,1.08,2.83,26.99,0.71,172.18,339.45,1244.07,642.19,0.00,48.00,17.10,59.26,257.82,0.06,0.97,0.00,0.18,0.00,0.40,0.00,0.89,0.61,0.00,99.73,0.00,48.94,0.09,0.08,0.59,0.32,0.08,2.08,48.94,39.60,2865.20
,Dhansak (vegetarian),82.80,7.28,3.32,4.18,0.91,4.17,26.40,1.26,344.57,938.35,759.43,2048.04,0.00,57.86,28.30,34.18,264.50,0.18,3.62,0.00,0.33,0.19,0.50,0.00,1.56,1.61,0.00,19.64,0.00,18.72,0.06,0.04,0.47,0.23,0.08,0.76,18.72,5.50,1923.66
,Cauliflower basket,90.95,3.97,5.21,5.88,1.47,2.40,100.19,0.92,378.52,3279.82,1617.38,424.12,51.10,143.16,20.59,194.22,258.16,0.05,5.12,0.01,0.17,0.01,0.65,68.29,0.29,0.99,0.09,10.46,1.51,36.64,0.04,0.11,0.24,0.66,0.11,4.28,36.64,29.63,156.53
,Stuffed bottle gourd (Stuffed ghiya/lauki),93.19,4.36,5.84,5.80,1.52,1.18,71.83,0.66,388.48,3076.25,1840.20,316.31,45.61,115.29,13.73,106.99,149.44,0.05,4.49,0.00,0.10,0.00,0.91,47.15,0.23,0.47,0.06,2.21,1.03,26.17,0.05,0.07,0.83,0.57,0.07,3.41,26.17,2.54,130.86
,Ducheese potato,140.54,10.94,3.60,9.01,0.29,1.29,18.10,0.76,583.32,5117.53,2469.01,551.93,85.15,67.45,20.30,103.85,423.33,0.08,7.92,0.00,0.12,0.01,0.44,119.63,0.48,0.18,0.15,2.44,2.66,20.28,0.05,0.05,0.78,0.55,0.10,4.32,20.28,16.84,232.15
,Roast potatoes ,87.32,14.52,1.53,2.35,0.33,1.71,10.38,0.57,363.95,1391.15,555.20,200.14,5.51,42.96,23.89,90.67,528.24,0.09,0.75,0.00,0.15,0.02,0.28,24.79,0.11,0.23,0.00,2.53,0.00,15.08,0.06,0.01,1.01,0.37,0.10,1.32,15.08,22.46,221.14
,Stuffed baked potatoes ,100.20,11.03,3.82,4.39,0.40,1.31,25.72,0.81,417.77,2195.36,1305.07,392.67,72.99,71.59,20.95,92.09,429.14,0.08,7.94,0.00,0.12,0.02,0.46,70.47,0.38,0.22,0.15,4.94,2.63,22.35,0.06,0.06,0.78,0.56,0.11,4.60,22.35,18.04,260.91
,Potato nests,111.62,11.05,5.71,4.77,1.41,2.49,55.25,0.87,465.24,2756.07,1299.70,292.43,26.50,110.19,25.91,182.12,341.01,0.12,3.25,0.00,0.21,0.02,0.75,47.06,0.25,3.61,0.03,14.51,0.48,25.88,0.17,0.06,1.29,0.54,0.15,2.97,25.88,19.57,551.76
,Parsley potato,119.51,13.81,1.49,6.28,0.34,1.59,11.43,0.55,496.08,3882.47,1554.64,329.75,15.71,42.08,22.56,4.62,502.76,0.08,0.74,0.00,0.13,0.02,0.27,70.64,0.19,0.20,0.00,3.98,0.00,15.20,0.06,0.01,0.96,0.35,0.09,1.32,15.20,21.95,266.76
,Creamed spinach and mushroom,419.62,3.17,2.28,44.14,1.17,1.02,65.49,0.90,1727.58,6817.79,9201.70,26166.05,7.15,64.23,27.09,90.21,217.24,0.07,0.89,0.01,0.32,0.01,0.31,27.45,20.60,1.95,0.00,86.07,0.00,39.33,0.05,0.06,0.18,0.19,0.06,2.42,39.33,8.13,2458.82
,Fricassee of Mushroom,106.66,8.13,3.65,6.63,2.51,1.23,84.97,0.36,444.43,4004.75,1679.32,301.91,13.55,95.57,12.24,118.98,151.77,0.05,0.94,0.01,0.11,0.01,0.36,59.27,0.21,4.07,0.00,6.17,0.00,13.34,0.04,0.08,0.34,0.30,0.07,3.27,13.34,14.13,720.96
,Cauliflower au gratin,145.90,9.13,4.45,10.20,3.01,1.44,119.69,0.57,607.02,6187.80,2593.28,413.39,22.15,126.89,15.99,164.96,181.30,0.05,1.48,0.00,0.14,0.01,0.53,91.28,0.29,0.68,0.00,5.18,0.00,20.68,0.05,0.10,0.28,0.41,0.07,2.07,20.68,14.91,166.25
,Vegetable and cheese pie,126.88,8.76,4.03,8.28,2.69,1.91,99.48,0.58,527.01,5105.38,2142.87,367.96,18.88,116.19,19.44,117.99,243.97,0.07,1.00,0.00,0.15,0.02,0.55,76.79,0.28,1.69,0.00,8.70,0.00,21.50,0.06,0.08,0.44,0.39,0.11,2.46,21.50,11.34,1350.89
,Spinach souffle ,150.18,6.27,7.36,10.52,0.89,1.44,133.69,2.15,624.03,5747.93,2987.38,744.55,114.71,167.05,53.00,244.07,385.31,0.12,11.79,0.01,0.63,0.02,0.94,140.49,1.21,0.60,0.21,163.35,3.65,86.09,0.11,0.14,0.25,0.60,0.13,7.37,86.09,15.11,4872.07
,Beetroot and egg salad (Chukandar aur ande ka salad),84.92,3.40,3.36,6.45,1.97,0.55,18.13,0.55,352.91,679.53,789.69,283.46,82.25,48.27,6.48,110.12,66.99,0.04,9.27,0.00,0.06,0.01,0.35,44.49,0.35,0.19,0.19,4.43,3.28,18.49,0.02,0.05,0.09,0.39,0.06,4.72,18.49,2.70,120.04
,Sour cream potato salad,121.90,9.05,2.89,8.13,0.84,1.21,23.25,0.90,505.89,744.99,3418.24,1550.73,47.29,55.18,19.19,102.66,367.59,0.12,4.91,0.00,0.14,0.02,0.42,26.98,1.67,0.30,0.09,4.64,1.61,23.36,0.05,0.04,0.67,0.43,0.10,3.06,23.36,16.43,348.62
,Tossed green salad,49.88,3.82,1.33,3.24,1.90,1.33,33.71,1.27,207.56,75.74,42.35,146.31,0.00,27.50,19.14,65.09,211.22,0.06,1.40,0.01,0.19,0.01,0.28,0.00,0.05,1.81,0.00,41.19,0.00,34.85,0.04,0.04,0.34,0.15,0.10,1.33,34.85,26.72,2852.92
,Spring basket salad,160.46,11.61,3.36,11.30,1.46,3.09,45.65,0.85,668.29,925.39,6627.54,3094.02,8.17,51.17,20.75,26.02,252.19,0.08,2.73,0.00,0.25,0.00,0.59,11.14,3.72,6.00,0.00,99.46,0.00,52.16,0.10,0.08,0.71,0.52,0.13,1.92,52.16,33.71,257.88
,Cucumber and yogurt salad (Kheere aur dahi ka salad),36.13,4.72,2.09,0.93,2.28,1.66,68.49,0.52,151.79,550.46,215.54,89.41,2.87,65.68,21.87,141.73,215.51,0.04,0.85,0.01,0.09,0.05,0.32,7.30,0.04,1.00,0.00,8.96,0.00,18.56,0.03,0.08,0.31,0.45,0.07,2.73,18.56,5.85,455.87
,Chicken and tomato towers,100.55,2.36,6.90,6.99,1.21,1.14,17.54,0.77,418.09,595.33,2885.48,1329.04,20.73,66.90,17.28,76.02,212.83,0.12,6.03,0.01,0.11,0.01,0.36,6.41,1.43,4.66,0.39,21.13,7.90,18.74,0.06,0.04,2.59,0.47,0.21,2.41,18.74,21.47,3242.01
,Jellied sunshine fruit salad,48.86,4.21,5.85,0.85,2.86,1.80,37.14,0.87,206.04,106.77,128.81,563.90,0.00,25.75,17.23,74.20,144.01,0.08,2.35,0.01,0.41,0.01,0.22,0.00,0.16,0.80,0.00,22.58,0.00,15.17,0.03,0.03,0.11,0.12,0.07,1.08,15.17,11.57,3359.82
,Tomato aspic,50.37,5.02,6.87,0.26,3.21,1.58,44.28,1.18,212.86,71.65,26.87,139.51,0.00,26.75,20.76,98.17,192.77,0.08,3.04,0.01,0.34,0.01,0.23,0.00,0.11,5.89,0.00,35.48,0.00,18.34,0.04,0.04,0.36,0.17,0.07,1.39,18.34,16.86,4731.88
,Frozen frosty fruit salad (Phalon ka salaad),103.51,15.61,1.68,4.17,14.38,0.26,28.61,0.41,436.01,2497.01,1138.40,210.76,26.33,34.43,7.96,13.23,103.47,0.04,1.81,0.00,0.08,0.01,0.23,64.70,0.17,0.32,0.04,0.64,0.63,8.97,0.03,0.06,0.22,0.19,0.04,1.96,8.97,14.36,155.03
,French dressing,733.77,3.68,0.32,79.65,3.01,0.22,6.98,0.48,3018.61,11391.88,58150.57,6582.82,0.00,3.76,4.54,261.13,27.43,0.03,0.17,0.00,0.06,0.02,0.07,0.00,4.07,0.20,0.00,46.95,0.00,0.97,0.00,0.00,0.01,0.01,0.00,0.15,0.97,3.19,20.39
,Mayonnaise without eggs,329.05,3.98,2.13,33.84,3.68,0.04,75.54,0.27,1356.58,6121.46,23426.99,2655.53,0.00,61.07,6.83,193.58,81.04,0.03,0.62,0.00,0.02,0.01,0.23,0.00,1.72,0.05,0.00,18.11,0.00,4.87,0.02,0.07,0.05,0.22,0.03,1.31,4.87,3.11,130.15
,Curd dressing ,78.80,8.03,5.59,2.90,7.57,0.22,194.59,0.18,332.04,1835.27,758.89,110.92,10.52,164.76,19.93,204.62,283.26,0.01,2.00,0.00,0.04,0.04,0.69,26.77,0.06,0.16,0.00,1.66,0.00,18.84,0.06,0.26,0.20,0.50,0.11,2.60,18.84,2.55,48.71
,Carrot raita (Gajar ka raita),64.78,7.19,4.14,2.19,5.99,1.69,146.72,0.55,272.64,1248.86,536.54,177.65,6.98,126.28,22.13,274.46,293.77,0.05,1.40,0.00,0.15,0.03,0.57,17.76,0.12,0.66,0.00,10.71,0.00,20.30,0.06,0.19,0.24,0.43,0.11,2.21,20.30,4.92,3200.40
,Pumpkin raita (Kaddu ka raita),55.60,6.02,3.74,1.88,5.48,1.04,130.11,0.33,234.09,1144.27,497.58,100.94,6.47,109.33,17.42,129.14,258.97,0.03,1.34,0.00,0.07,0.03,0.47,16.47,0.22,0.60,0.00,28.96,0.00,18.64,0.05,0.17,0.27,0.36,0.09,2.08,18.64,4.18,622.33
,Mint and peanut raita (Pudinay aur moongfali ka raita),112.05,7.31,7.05,6.19,6.17,1.79,191.01,1.68,468.81,2128.49,2350.98,1322.48,8.26,172.07,48.55,223.01,365.46,0.12,3.41,0.01,0.38,0.04,0.92,21.03,0.21,0.70,0.00,26.26,0.00,33.23,0.07,0.24,1.27,0.55,0.15,12.07,33.23,4.55,2851.12
,Spinach raita (Palak ka raita),52.75,5.06,3.95,1.86,3.97,1.39,142.96,1.61,221.94,1034.85,438.54,214.47,5.41,101.73,54.45,126.57,458.18,0.09,2.06,0.01,0.59,0.02,0.59,13.78,0.67,0.26,0.00,161.02,0.00,79.07,0.11,0.18,0.28,0.36,0.13,3.34,79.07,16.20,4730.64
,Bathua raita,54.40,5.31,4.13,1.76,4.11,2.19,206.31,1.46,228.83,1003.84,421.70,177.06,5.41,104.17,35.47,110.92,366.14,0.06,1.72,0.00,0.81,0.02,0.85,13.78,0.16,0.63,0.00,111.31,0.00,30.12,0.06,0.39,0.38,0.45,0.14,1.91,30.12,21.49,1736.10
,Pineapple raita (Ananas ka raita),67.74,8.62,3.90,2.02,8.12,1.39,134.53,0.27,284.98,1228.46,539.52,103.78,6.93,114.15,18.80,135.48,239.89,0.03,1.34,0.00,0.45,0.02,0.50,17.63,0.18,0.39,0.00,2.02,0.00,17.45,0.06,0.18,0.18,0.37,0.11,2.05,17.45,12.52,61.34
,Banana raita (Kele ka raita),89.03,13.51,4.13,2.07,10.11,1.00,133.23,0.31,374.07,1247.00,534.24,130.30,6.93,116.44,24.32,135.43,308.83,0.05,1.31,0.01,0.16,0.02,0.51,17.63,0.07,0.38,0.00,1.95,0.00,17.36,0.05,0.18,0.30,0.44,0.23,2.21,17.36,3.61,116.02
,Mango raita (Aam ka raita),67.37,8.23,3.90,2.14,7.87,0.89,136.06,0.34,283.41,1265.89,571.90,130.30,6.93,113.36,19.01,135.46,240.21,0.04,1.91,0.01,0.11,0.02,0.50,17.63,0.13,1.49,0.00,2.76,0.00,37.55,0.05,0.18,0.23,0.37,0.10,2.23,37.55,11.45,482.43
,Guava raita (Amarood ka raita),64.36,7.27,4.19,2.07,6.71,3.00,136.93,0.28,270.82,1227.90,540.96,144.15,6.93,117.29,19.61,135.94,283.96,0.06,1.89,0.00,0.11,0.02,0.54,17.63,0.07,0.85,0.00,2.42,0.00,21.09,0.06,0.18,0.34,0.41,0.10,1.96,21.09,68.43,347.70
,Grapes raita (Angoor ka raita),72.59,9.66,3.98,2.07,8.51,0.71,134.52,0.26,305.29,1243.61,533.47,129.36,6.93,116.26,17.07,135.64,247.92,0.03,1.31,0.00,0.07,0.02,0.48,17.63,0.06,1.86,0.00,2.98,0.00,14.40,0.05,0.18,0.19,0.35,0.10,2.07,14.40,6.64,100.44
,Bottle gourd kheer (Ghiya/Lauki kheer),84.07,10.00,2.70,3.86,9.63,0.55,94.18,0.23,353.53,2067.13,1224.36,224.92,0.00,79.10,11.57,19.62,117.46,0.05,1.09,0.00,0.12,0.02,0.32,0.00,0.38,0.23,0.00,0.47,0.00,13.40,0.03,0.09,0.12,0.37,0.03,1.98,13.40,2.32,167.96
,Pumpkin kheer (Kaddu ki kheer),86.35,10.44,2.76,3.86,10.12,0.63,95.61,0.24,363.06,2067.72,1227.81,224.51,0.00,80.25,11.48,20.99,141.55,0.05,0.83,0.00,0.11,0.02,0.31,0.00,0.49,0.36,0.00,15.71,0.00,10.07,0.03,0.09,0.17,0.29,0.05,1.81,10.07,3.01,420.84
,Apple kheer (Seb ki kheer),81.30,11.34,2.14,3.18,10.71,0.51,75.67,0.18,342.04,1680.17,992.29,213.60,0.00,62.83,8.91,15.86,93.41,0.04,0.68,0.00,0.09,0.27,0.25,0.00,0.33,0.30,0.00,0.61,0.00,4.93,0.02,0.07,0.11,0.22,0.03,1.26,4.93,1.75,155.27
,Caramel custard (baked),122.70,14.95,5.11,5.01,14.92,0.00,90.59,0.53,516.85,2456.56,1579.40,347.24,81.15,105.37,8.42,44.78,107.98,0.05,9.60,0.00,0.01,0.00,0.50,43.90,0.48,0.00,0.19,0.00,3.24,15.61,0.03,0.12,0.08,0.55,0.06,5.36,15.61,1.34,162.97
,Vanilla ice cream without egg,228.67,14.21,2.69,18.15,13.45,0.00,81.27,0.10,949.69,11310.75,5221.95,516.93,41.70,69.83,6.63,23.97,89.96,0.03,0.53,0.00,0.01,0.00,0.25,158.46,0.63,0.00,0.00,0.00,0.00,6.15,0.02,0.12,0.04,0.25,0.04,1.50,6.15,1.36,193.41
,Vanilla ice cream with egg,214.85,11.71,4.16,17.02,11.69,0.00,77.42,0.34,892.60,10235.22,5017.00,606.08,86.75,86.09,7.41,37.72,97.19,0.03,6.04,0.00,0.01,0.00,0.38,165.01,0.76,0.00,0.12,0.00,2.02,12.13,0.03,0.13,0.05,0.42,0.05,3.82,12.13,1.18,186.68
,Strawberry ice cream,215.61,12.26,4.15,16.96,11.60,0.00,77.08,0.34,895.98,10193.68,4996.98,605.64,86.39,85.83,7.36,37.62,96.40,0.03,6.02,0.00,0.01,0.00,0.39,164.33,0.75,0.00,0.12,0.00,2.01,12.10,0.03,0.13,0.05,0.42,0.05,3.80,12.10,1.17,185.91
,Chocochip ice cream,241.45,16.75,4.23,17.93,16.08,0.00,73.22,0.51,1004.91,10773.54,5348.34,640.25,79.34,90.59,14.52,34.84,114.27,0.09,5.84,0.00,0.06,0.00,0.47,151.22,0.81,0.00,0.11,0.20,1.83,12.09,0.03,0.12,0.08,0.41,0.05,3.73,12.09,1.07,170.91
,Choconut ice cream,273.96,23.13,5.04,18.49,21.02,0.51,67.38,0.89,1144.40,9205.44,6886.58,1271.42,65.65,115.16,37.50,29.83,145.81,0.25,5.73,0.00,0.21,0.01,0.80,125.06,1.23,0.30,0.09,0.40,1.52,12.19,0.07,0.11,0.20,0.44,0.05,3.26,12.19,0.90,142.77
,Pear chocholate sunday,183.49,15.02,2.08,13.11,14.41,0.07,56.67,0.24,764.31,7992.81,3876.07,443.48,29.11,56.29,12.33,16.26,91.18,0.07,0.36,0.00,0.02,0.01,0.27,112.13,0.58,0.01,0.00,0.14,0.00,5.22,0.02,0.08,0.10,0.17,0.03,1.02,5.22,1.37,131.58
,Chocolate sauce,263.20,43.21,1.91,10.39,42.06,0.00,18.80,1.13,1108.00,6489.00,2811.00,343.00,21.30,68.70,53.00,2.80,154.70,0.44,0.00,0.00,0.00,0.00,0.74,95.80,0.25,0.00,0.00,0.89,0.00,3.80,0.02,0.01,0.17,0.00,0.01,0.02,3.80,0.00,64.80
,Coffee ice cream,150.62,14.09,3.15,9.43,13.35,0.00,95.72,0.15,633.02,5190.40,2307.67,368.20,22.23,84.92,9.79,42.09,132.18,0.03,2.33,0.00,0.02,0.00,0.31,44.08,0.15,0.00,0.41,0.67,0.00,4.33,0.02,0.13,0.22,0.33,0.04,1.39,4.33,1.30,113.41
,Coffee pear alaska,203.99,19.36,2.88,13.22,16.88,0.15,60.61,0.22,851.25,8018.60,3934.44,448.38,28.43,55.73,8.57,51.11,107.86,0.03,2.00,0.00,0.05,0.00,0.23,109.17,0.63,0.00,0.07,0.15,0.00,5.53,0.02,0.09,0.23,0.28,0.03,1.74,5.53,1.39,133.63
,Crunchy butterscotch,277.32,19.92,3.11,20.99,17.73,0.47,72.26,0.26,1153.63,12607.87,6110.42,956.49,46.39,76.55,12.96,22.24,103.65,0.06,0.69,0.00,0.10,0.03,0.35,184.22,0.78,0.19,0.00,0.46,0.00,9.99,0.06,0.14,0.44,0.25,0.04,1.55,9.99,1.14,197.10
,Peach melba ice cream,200.85,16.31,2.06,14.51,13.35,0.06,60.55,0.11,834.73,8892.13,4281.70,468.69,33.23,53.82,6.90,17.92,81.24,0.02,0.38,0.00,0.02,0.01,0.21,126.27,0.61,0.01,0.00,0.04,0.00,5.14,0.02,0.09,0.07,0.19,0.03,1.12,5.14,1.31,143.69
,Vanilla ice cream with apples in hot cherry sauce,196.32,22.75,1.73,11.45,14.19,0.26,56.34,0.16,818.69,7111.02,3280.84,357.28,26.15,46.38,6.04,31.54,74.21,0.03,0.38,0.00,0.01,0.17,0.18,99.37,0.41,0.15,0.00,0.38,0.00,4.29,0.02,0.08,0.05,0.17,0.03,0.99,4.29,1.69,145.19
,Grape and orange whip,57.39,6.72,1.41,2.62,5.66,0.97,17.40,0.53,238.51,1599.99,738.10,116.80,6.51,15.37,8.95,14.36,138.86,0.03,1.61,0.01,0.02,0.00,0.05,24.73,0.11,0.98,0.07,2.00,0.00,13.92,0.05,0.04,0.19,0.24,0.04,2.32,13.92,28.81,460.10
,Honey banana cream,125.49,13.64,2.78,6.68,10.51,0.70,43.52,0.23,523.14,4124.65,1887.34,234.75,14.27,40.03,12.73,15.65,159.94,0.05,0.62,0.01,0.13,0.00,0.21,54.24,0.26,0.21,0.00,0.75,0.00,8.59,0.02,0.07,0.18,0.22,0.17,1.16,8.59,5.04,165.80
,Raspberry bavarian cream,150.10,17.82,3.34,7.88,15.30,2.19,26.40,0.31,628.33,4796.92,2241.22,341.14,19.94,22.93,9.95,24.59,78.98,0.05,1.99,0.00,0.23,0.00,0.20,75.76,0.54,0.00,0.08,2.63,0.00,8.77,0.02,0.06,0.20,0.25,0.03,0.58,8.77,9.03,102.26
,Fruit delight,107.09,9.11,2.09,7.09,9.03,0.09,71.69,0.15,446.81,4381.10,2010.40,213.00,12.28,61.21,6.93,17.27,96.94,0.02,0.50,0.00,0.01,0.00,0.23,46.67,0.27,0.19,0.00,0.24,0.00,5.67,0.02,0.08,0.10,0.22,0.03,1.32,5.67,2.26,145.51
,Creamy chocolate mousse,230.52,9.53,6.85,18.16,8.99,0.00,45.25,0.96,957.52,10650.31,5511.22,730.70,129.13,95.04,26.51,48.64,127.50,0.18,10.46,0.00,0.01,0.00,0.67,196.50,0.89,0.00,0.21,0.07,3.60,16.31,0.03,0.11,0.10,0.45,0.06,5.03,16.31,0.37,126.31
,Cold lemon souffle,169.87,15.62,5.89,9.78,13.88,0.00,55.03,0.53,711.96,5629.48,2808.45,506.60,98.14,72.62,6.74,46.35,81.69,0.02,8.82,0.00,0.01,0.00,0.41,160.82,0.51,0.00,0.17,0.00,3.01,12.88,0.03,0.12,0.07,0.44,0.05,4.92,12.88,3.57,98.04
,Cold orange souffle,173.19,16.27,5.94,9.82,14.42,0.11,55.45,0.57,725.84,5652.60,2824.70,504.09,98.65,73.20,7.19,46.53,88.17,0.03,8.79,0.00,0.01,0.00,0.40,161.66,0.51,0.03,0.17,0.22,3.03,14.01,0.03,0.12,0.09,0.45,0.05,5.19,14.01,4.18,157.63
,Cold pineapple souffle,181.22,16.85,6.23,10.39,14.99,0.00,57.13,0.54,759.70,5977.63,2987.06,528.95,104.39,76.29,6.79,49.38,79.86,0.03,9.29,0.00,0.03,0.00,0.42,171.05,0.54,0.00,0.18,0.00,3.20,13.29,0.03,0.13,0.07,0.46,0.05,5.23,13.29,0.82,104.16
,Cold vanilla souffle,179.54,16.29,6.22,10.32,14.49,0.00,62.47,0.52,752.42,5947.10,2963.01,519.81,100.85,79.83,6.94,49.09,83.30,0.03,9.03,0.00,0.01,0.00,0.43,165.25,0.53,0.00,0.18,0.00,3.10,13.01,0.03,0.13,0.07,0.46,0.05,5.18,13.01,0.55,113.07
,Cold chocolate souffle,187.53,17.22,6.37,10.86,15.31,0.00,62.91,0.68,785.84,6279.44,3151.69,532.80,98.07,88.53,14.94,47.77,104.98,0.09,8.85,0.00,0.02,0.00,0.53,160.80,0.56,0.00,0.17,0.07,3.01,13.36,0.03,0.13,0.10,0.45,0.05,5.09,13.36,0.54,110.62
,Stewed fruit (with pear),74.32,18.22,0.25,0.32,17.67,2.84,5.94,0.21,314.90,61.20,21.89,64.44,0.00,5.18,5.87,1.70,68.56,0.07,0.03,0.01,0.06,0.01,0.06,0.00,0.19,1.11,0.00,8.08,0.00,3.60,0.01,0.01,0.08,0.03,0.06,0.88,3.60,2.06,57.78
,Apricot fool,240.79,33.64,1.54,11.35,21.29,1.00,26.37,0.73,1004.77,6722.00,3470.69,501.09,27.58,38.89,8.64,8.28,105.45,0.14,0.57,0.00,0.11,0.03,0.21,104.79,0.62,1.06,0.00,1.45,0.00,5.02,0.02,0.06,0.47,0.23,0.04,0.79,5.02,0.64,1198.22
,Pavlova,200.60,21.84,1.84,12.29,20.37,0.06,23.00,0.25,838.74,7679.78,3559.92,354.64,31.94,26.37,6.30,26.34,86.90,0.03,2.00,0.00,0.05,0.00,0.13,121.36,0.40,0.12,0.10,0.16,0.00,5.30,0.01,0.07,0.13,0.22,0.03,1.01,5.30,6.57,105.08
,Apple crumb pudding,220.85,35.17,1.54,8.87,27.69,1.33,38.49,1.05,926.97,5353.37,2144.81,379.57,21.68,26.04,10.25,59.36,159.24,0.08,1.28,0.00,0.14,0.44,0.22,97.51,0.24,0.51,0.00,1.81,0.00,8.01,0.05,0.03,0.34,0.05,0.04,0.16,8.01,3.66,166.66
,Steamed cake with chocolate sauce,301.91,29.06,4.49,19.01,19.72,0.29,67.76,0.85,1258.71,11625.02,5026.73,767.64,78.72,147.54,25.73,100.32,131.49,0.18,4.61,0.00,0.07,0.01,0.64,201.93,0.62,0.71,0.09,1.55,1.53,10.84,0.04,0.08,0.18,0.37,0.04,2.76,10.84,0.76,234.47
,Hot lemon souffle,155.25,16.31,5.29,7.93,12.07,0.14,48.77,0.55,650.28,4130.30,2335.07,566.49,116.79,90.50,9.20,47.75,106.74,0.04,9.89,0.00,0.04,0.01,0.33,100.54,0.45,0.38,0.54,0.64,4.46,17.04,0.04,0.09,0.15,0.71,0.05,8.12,17.04,10.64,127.65
,Gulab jamun with milk powder,471.15,28.24,0.85,40.15,27.04,0.05,26.13,0.13,1953.29,5034.48,8263.67,25183.02,1.25,22.38,3.16,67.28,33.68,0.04,0.25,0.00,0.01,0.00,0.12,3.53,19.58,0.11,0.00,2.52,0.00,1.51,0.01,0.03,0.03,0.08,0.01,0.35,1.51,0.14,11.27
,Chum chum,130.05,28.27,1.52,1.92,27.84,0.02,62.58,0.13,551.69,1156.57,518.66,60.96,0.10,49.40,5.13,16.65,64.67,0.05,0.58,0.00,0.01,0.00,0.21,0.19,0.09,0.04,0.00,0.01,0.00,3.27,0.02,0.06,0.05,0.19,0.02,0.84,3.27,0.86,86.52
,Dil bahar,130.05,28.27,1.52,1.92,27.84,0.02,62.58,0.13,551.69,1156.57,518.66,60.96,0.10,49.40,5.13,16.65,64.67,0.05,0.58,0.00,0.01,0.00,0.21,0.19,0.09,0.04,0.00,0.01,0.00,3.27,0.02,0.06,0.05,0.19,0.02,0.84,3.27,0.86,86.52
,Rasbhari,130.05,28.27,1.52,1.92,27.84,0.02,62.58,0.13,551.69,1156.57,518.66,60.96,0.10,49.40,5.13,16.65,64.67,0.05,0.58,0.00,0.01,0.00,0.21,0.19,0.09,0.04,0.00,0.01,0.00,3.27,0.02,0.06,0.05,0.19,0.02,0.84,3.27,0.86,86.52
,Rajbogh,133.70,28.16,1.71,2.28,27.66,0.11,63.23,0.17,566.87,1182.26,682.48,166.76,0.10,53.74,6.42,16.57,73.47,0.05,0.66,0.00,0.02,0.01,0.23,0.19,0.39,0.05,0.00,0.17,0.00,3.82,0.03,0.06,0.05,0.19,0.03,0.94,3.82,0.86,90.37
,Rasgulla,118.64,25.79,1.38,1.75,25.40,0.01,57.09,0.12,503.26,1055.04,473.13,55.61,0.09,45.07,4.68,15.19,58.99,0.04,0.53,0.00,0.01,0.00,0.19,0.18,0.09,0.03,0.00,0.01,0.00,2.98,0.02,0.06,0.04,0.17,0.02,0.77,2.98,0.79,78.92
,Rasmalai,135.55,29.17,1.61,2.11,28.71,0.07,62.31,0.15,574.94,1157.25,609.52,123.09,0.09,51.38,5.86,16.46,69.18,0.05,0.62,0.00,0.01,0.01,0.22,0.19,0.27,0.05,0.00,0.10,0.00,3.56,0.02,0.06,0.05,0.18,0.03,0.89,3.56,0.85,87.72
,Khoa coconut burfi,411.45,36.55,9.98,26.01,35.60,4.07,309.84,2.10,1729.94,17169.77,3745.23,627.03,0.00,288.22,54.94,31.14,459.51,0.28,28.71,0.06,0.63,0.04,1.56,0.00,1.53,0.28,0.00,0.75,0.00,52.94,0.07,0.07,0.40,0.22,0.07,10.42,52.94,0.00,140.13
,Danedar burfi,102.68,12.33,3.24,4.72,11.98,0.09,107.53,0.24,431.87,2532.85,1494.45,262.28,0.00,94.74,11.91,23.31,116.64,0.07,1.07,0.00,0.03,0.02,0.38,0.00,0.35,0.05,0.00,0.10,0.00,6.97,0.04,0.10,0.09,0.33,0.04,1.85,6.97,2.41,181.28
,Semolina burfi (Suji/Rava burfi),348.67,47.10,3.47,16.86,28.67,2.80,14.86,1.01,1457.24,9527.68,4137.19,818.78,39.41,33.06,11.53,8.33,99.53,0.16,2.95,0.00,0.71,0.02,0.61,147.69,0.98,2.30,0.00,0.34,0.00,6.86,0.08,0.01,0.30,0.20,0.03,0.13,6.86,0.00,373.09
,Pumpkin coconut burfi (Kaddu aur nariyal ki burfi),186.18,17.02,1.75,12.66,16.11,4.29,21.76,0.79,781.62,8418.37,1166.94,289.65,5.11,48.00,23.61,8.95,283.95,0.20,4.45,0.00,0.39,0.02,0.32,19.17,1.50,0.96,0.00,52.70,0.00,19.10,0.03,0.03,0.38,0.15,0.08,1.19,19.10,5.01,972.51
,Khoa ladoo,396.02,34.43,12.21,24.09,33.37,3.08,358.61,2.25,1664.44,12446.50,6739.89,1939.94,0.00,341.83,69.26,31.71,479.67,0.26,28.57,0.07,0.41,0.09,1.81,0.00,4.01,0.26,0.00,1.82,0.00,60.69,0.13,0.08,0.57,0.28,0.11,12.23,60.69,0.04,154.57
,Wheat and gram flour ladoo (Atta besan ladoo),501.70,50.50,9.38,29.86,18.46,6.01,35.27,2.39,2093.53,15259.65,6622.46,1899.68,60.99,122.22,44.21,27.06,224.94,0.21,12.78,0.00,1.31,0.08,1.12,228.60,2.04,3.71,0.00,2.33,0.00,48.10,0.20,0.07,0.99,0.50,0.15,1.95,48.10,0.00,553.28
,Semolina ladoo with nuts (Suji/Rava ladoo with nuts),441.84,48.02,5.44,25.45,19.79,4.27,18.04,1.81,1839.11,14316.72,7287.49,1526.27,58.80,71.11,29.99,3.93,189.25,0.30,5.00,0.00,1.03,0.06,1.10,220.40,1.52,3.66,0.00,0.64,0.00,12.77,0.14,0.02,0.51,0.36,0.06,0.33,12.77,0.08,565.68
,Sesame chickpeas brittle (Til aur channe ki chikki),282.74,50.49,8.50,4.66,36.48,5.54,150.73,4.80,1183.00,622.96,1411.29,2049.97,0.00,178.66,109.57,17.93,515.43,0.37,16.47,0.01,0.91,0.12,1.79,0.00,0.16,5.18,0.00,8.00,0.00,67.53,0.14,0.05,0.82,0.59,0.40,0.73,67.53,0.00,302.86
,Murmura chikki,253.82,59.59,2.12,0.32,48.27,0.37,63.30,3.30,1062.00,46.25,18.06,25.31,0.00,64.30,74.94,15.03,298.86,0.08,0.00,0.01,0.54,0.03,0.46,0.00,0.03,0.27,0.00,0.14,0.00,8.23,0.04,0.01,0.28,0.19,0.42,0.51,8.23,0.00,17.77
,Masala onion pakora/pakoda (Pyaaz ke pakode),551.64,6.48,2.05,57.61,1.58,1.44,11.06,0.42,2272.16,6926.20,11809.75,36439.39,0.00,24.35,9.65,99.22,70.11,0.05,0.37,0.00,0.21,0.00,0.20,0.00,28.34,0.21,0.00,5.86,0.00,20.78,0.04,0.02,0.23,0.16,0.06,1.23,20.78,1.68,54.46
,Masala green chilli pakora/pakoda (Hari mirch kay pakode),668.76,5.55,2.22,71.01,0.27,1.34,8.58,0.47,2753.79,8531.32,14554.42,44930.63,0.00,23.56,8.39,120.90,56.48,0.04,0.35,0.00,0.20,0.01,0.16,0.00,34.96,0.22,0.00,7.04,0.00,18.46,0.05,0.02,0.24,0.13,0.06,0.79,18.46,5.59,119.64
,Chicken pakora/pakoda,590.09,4.55,6.03,60.98,0.22,0.96,9.08,0.51,2431.97,7272.65,12334.67,37543.44,11.98,52.40,10.08,103.23,92.90,0.08,3.91,0.00,0.20,0.01,0.28,1.35,29.22,0.09,0.27,5.13,5.41,16.73,0.05,0.03,1.72,0.33,0.14,1.45,16.73,0.20,16.84
,Fish pakora/pakoda,577.03,4.55,5.97,59.52,0.22,0.96,12.65,0.63,2377.29,7231.40,12183.87,37563.48,9.04,62.72,13.44,112.24,95.62,0.05,12.77,0.00,0.20,0.01,0.25,3.18,29.30,0.09,0.04,5.13,1.02,16.09,0.05,0.03,0.67,0.37,0.06,1.78,16.09,0.20,16.84
,Paneer cutlet,672.20,7.62,4.59,69.38,2.52,0.39,107.86,0.48,2770.44,9680.83,14442.97,42104.15,0.00,74.91,8.93,91.45,35.43,0.05,5.07,0.02,0.10,0.02,0.61,0.00,32.68,0.19,0.00,6.11,0.00,21.20,0.03,0.03,0.19,0.11,0.02,4.11,21.20,1.00,132.28
,Sago cutlet/vadas (Sabudana cutlet/vadas),558.76,11.23,0.56,56.97,0.10,0.54,5.43,0.38,2302.72,6851.45,11684.42,36070.81,0.00,15.00,7.60,48.17,138.97,0.04,0.19,0.00,0.06,0.02,0.09,0.00,28.04,0.19,0.00,5.74,0.00,4.31,0.02,0.00,0.27,0.10,0.03,0.35,4.31,6.35,130.58
,Poshtik cutlet,496.45,7.39,2.00,50.94,0.32,1.35,14.94,0.69,2045.08,6183.05,10632.46,31907.44,0.00,33.91,18.53,57.11,195.37,0.09,2.13,0.00,0.20,0.05,0.30,0.00,24.69,0.38,0.00,18.62,0.00,18.13,0.05,0.02,0.59,0.17,0.04,0.54,18.13,6.82,544.39
,Egg cutlet (Anda cutlet),575.02,5.77,2.45,60.25,0.20,0.58,16.22,0.56,2367.91,7458.34,12535.33,37536.57,45.00,37.57,8.76,79.40,139.03,0.05,5.39,0.00,0.08,0.02,0.26,24.34,29.25,0.19,0.10,5.85,1.80,10.84,0.03,0.03,0.30,0.27,0.05,2.54,10.84,5.45,141.76
,Minced meat cutlet,531.86,5.61,5.10,54.47,0.31,0.40,20.82,0.63,2192.59,7503.58,11684.04,32693.50,16.50,52.36,8.14,95.81,88.67,0.04,1.11,0.00,0.07,0.01,0.84,1.07,25.37,0.13,0.00,4.73,0.00,3.80,0.05,0.05,1.20,0.21,0.05,0.46,3.80,0.78,73.41
,Vegetable samosa,443.11,13.22,2.21,42.22,0.74,1.52,10.37,0.60,1826.47,5850.13,8734.95,25774.53,4.06,30.05,14.78,107.70,189.07,0.07,0.35,0.00,0.17,0.01,0.28,15.23,20.05,1.91,0.00,8.36,0.00,12.28,0.06,0.01,0.48,0.25,0.06,0.92,12.28,9.96,292.03
,Plain urad dal vada (Uzunne vada/Minapa garelu/Ulundu vadai/Medu vada),745.50,9.70,4.39,76.32,0.16,2.27,10.60,0.96,3069.41,9180.86,15629.67,48293.25,0.00,71.32,33.02,65.87,220.17,0.13,4.56,0.00,0.28,0.02,0.57,0.00,37.47,1.60,0.00,6.37,0.00,16.88,0.04,0.02,0.33,0.56,0.04,0.15,16.88,0.00,53.06
,Masala urad dal vada,703.78,9.93,4.32,71.62,0.70,2.71,11.87,1.00,2898.74,9294.42,14486.93,44567.64,0.00,71.27,33.89,61.49,232.79,0.14,4.23,0.00,0.35,0.02,0.57,0.00,34.65,1.64,0.00,7.56,0.00,18.57,0.04,0.02,0.36,0.55,0.06,0.34,18.57,2.39,91.16
,Khaman (dhokla),54.73,5.36,1.92,2.80,1.36,1.49,5.31,0.58,228.09,548.83,502.39,1432.69,0.00,29.78,11.46,124.10,92.49,0.08,4.35,0.00,0.16,0.02,0.32,0.00,0.98,0.24,0.00,1.62,0.00,16.29,0.03,0.02,0.18,0.14,0.02,0.11,16.29,2.19,152.88
,Instant dhokla,207.11,24.11,7.66,9.37,6.86,3.57,66.58,1.05,869.35,2116.50,1785.79,4618.67,2.59,105.74,25.80,763.98,187.95,0.12,2.21,0.00,0.56,0.05,0.70,6.59,3.71,0.76,0.00,6.41,0.00,53.84,0.15,0.12,0.63,0.48,0.16,2.74,53.84,6.37,216.47
,Tomato ginger chutney (Tamatar adarak ki chutney),44.66,9.11,1.05,0.32,6.31,2.14,23.63,1.08,187.09,54.17,62.11,135.67,0.00,25.64,20.73,209.42,227.56,0.09,0.20,0.01,0.29,0.09,0.17,0.00,0.20,11.30,0.00,20.84,0.00,13.96,0.06,0.03,0.56,0.17,0.09,0.96,13.96,22.20,4502.25
,Mint tomato chutney (Pudinay aur tamatar ki chutney),43.65,8.22,1.53,0.36,5.48,2.63,47.59,2.06,182.85,63.52,55.65,164.25,0.00,30.87,32.52,183.98,268.71,0.12,1.60,0.02,0.39,0.09,0.25,0.00,0.24,10.25,0.00,39.76,0.00,26.12,0.06,0.05,0.58,0.20,0.10,1.13,26.12,21.53,6377.23
,Coriander chutney (Hare dhaniye ki chutney),42.86,8.16,1.38,0.37,5.50,2.47,39.80,1.63,179.55,77.13,55.10,160.03,0.00,30.80,27.59,186.64,269.63,0.11,0.23,0.01,0.38,0.09,0.24,0.00,0.24,10.27,0.00,54.29,0.00,18.85,0.07,0.03,0.58,0.23,0.10,1.38,18.85,22.42,5731.79
,Gooseberry chutney (Amla chutney),43.02,8.83,1.44,0.62,0.06,4.58,46.40,1.22,179.98,76.93,46.43,326.68,0.00,34.89,22.58,215.09,269.12,0.11,0.63,0.01,0.33,0.06,0.22,0.00,0.38,0.91,0.00,45.03,0.00,13.91,0.05,0.04,0.40,0.33,0.11,0.71,13.91,30.18,2238.97
,Walnut chutney (Akhrot ki chutney),370.43,8.91,9.44,33.46,4.40,3.04,119.57,1.77,1550.66,3241.77,5954.92,22748.39,3.33,257.03,100.09,160.00,351.46,0.79,3.96,0.00,1.80,0.05,1.72,8.47,2.12,23.64,0.00,44.59,0.00,37.38,0.23,0.15,0.54,0.60,0.45,7.70,37.38,10.75,137.29
,Saunth/Sonth chutney with ginger,84.22,20.62,0.28,0.11,19.04,0.31,15.17,0.70,354.01,14.74,19.97,22.82,0.00,9.83,14.01,222.53,82.02,0.02,0.01,0.00,0.14,0.01,0.08,0.00,0.01,0.06,0.00,0.37,0.00,1.54,0.01,0.00,0.04,0.03,0.08,0.06,1.54,0.01,34.45
,Gun powder chutney,312.34,47.65,21.55,2.67,1.16,13.95,68.87,5.14,1306.86,373.84,346.67,1234.67,0.00,350.62,166.84,195.67,1183.29,0.68,28.17,0.02,1.49,0.13,2.96,0.00,0.27,10.35,0.00,31.88,0.00,102.54,0.25,0.16,2.14,2.46,0.23,0.84,102.54,0.11,8394.70
,Dessicated coconut chutney (Sookhe kase nariyal ki chutney) ,346.36,36.72,12.88,15.88,10.41,13.16,73.55,5.44,1447.20,7170.12,1806.42,3556.04,0.00,215.92,101.68,321.07,821.02,0.63,26.11,0.02,1.23,0.28,2.15,0.00,2.36,8.53,0.00,29.80,0.00,98.84,0.27,0.16,1.70,0.91,0.17,0.75,98.84,1.41,7432.15
,Curd mint dip ,76.13,9.11,4.82,2.44,7.83,0.77,172.79,0.82,320.89,1487.04,608.22,157.24,8.34,136.88,25.58,222.77,280.81,0.04,2.38,0.01,0.12,0.04,0.61,21.24,0.09,0.48,0.00,13.78,0.00,23.74,0.05,0.22,0.24,0.43,0.10,2.39,23.74,9.96,1486.12
,Curd vegetable dip,56.21,6.04,3.88,1.94,5.42,0.63,129.58,0.37,236.81,1186.81,484.35,129.65,6.59,111.81,17.18,132.48,243.19,0.02,1.42,0.00,0.16,0.02,0.51,16.78,0.06,0.30,0.00,3.62,0.00,20.78,0.05,0.17,0.23,0.37,0.10,1.98,20.78,16.28,776.42
,Mayonnaise vegetable dip,241.27,4.80,3.01,23.44,4.39,0.41,91.42,0.28,996.69,5037.79,12320.94,4872.03,29.91,80.69,11.86,119.58,168.95,0.01,0.92,0.00,0.10,0.01,0.37,75.73,5.36,0.19,0.00,2.35,0.00,16.42,0.04,0.15,0.15,0.30,0.09,1.61,16.42,10.69,533.20
,Tomato and cucumber sandwich (Tamatar aur kheere ka sandwich),150.68,20.51,4.03,6.31,1.79,2.10,76.75,1.15,633.31,3394.00,1422.96,271.27,13.52,54.61,22.08,222.22,168.24,0.09,3.57,0.00,0.30,0.02,0.43,60.83,0.21,3.22,0.00,21.79,0.00,21.92,0.10,0.05,0.81,0.13,0.07,1.01,21.92,9.04,2694.37
,Tomato sandwich (grilled),189.92,21.29,6.26,9.39,2.58,1.91,150.90,0.88,796.46,5289.42,2266.63,366.32,24.95,147.21,19.26,420.60,156.87,0.08,3.56,0.00,0.27,0.03,0.70,97.59,0.32,4.78,0.00,14.87,0.00,21.95,0.11,0.07,0.85,0.16,0.07,1.36,21.95,11.61,2421.93
,French sandwich (toasted),186.75,14.82,6.82,11.51,1.82,1.37,100.73,1.24,780.59,6209.20,3085.76,618.92,104.86,119.66,18.82,274.68,153.54,0.09,11.88,0.00,0.22,0.03,0.71,142.26,0.61,2.22,0.19,15.42,3.27,26.20,0.09,0.10,0.58,0.43,0.08,4.95,26.20,5.97,1965.65
,Peanut butter cucumber sandwich,243.33,29.76,9.04,10.56,2.91,3.35,95.35,1.32,1022.44,2330.54,3606.49,3066.41,0.00,119.55,50.40,460.09,249.54,0.21,4.39,0.00,0.60,0.00,0.97,0.00,0.95,0.34,0.00,2.23,0.00,29.91,0.16,0.06,3.23,0.40,0.16,17.78,29.91,1.66,46.43
,Mint and peanut sandwich,273.59,31.83,7.18,13.88,2.78,3.67,114.99,1.70,1149.34,7170.30,3192.06,965.80,21.70,93.61,34.02,453.30,198.91,0.18,4.92,0.00,0.51,0.18,0.70,97.59,0.65,0.76,0.00,16.52,0.00,31.82,0.17,0.07,1.65,0.13,0.09,0.47,31.82,3.57,2097.60
,Spicy chutney sandwich,249.58,34.03,8.74,9.58,3.96,3.73,154.53,1.51,1050.80,1427.72,1784.87,4791.73,2.86,127.87,34.25,315.40,256.04,0.14,5.77,0.00,0.49,0.10,0.78,7.28,3.76,2.93,0.00,14.18,0.00,41.11,0.19,0.15,1.29,0.29,0.13,1.48,41.11,0.36,3331.65
,Chicken walnut sandwich (Chicken aur akhrot ke sandwich),285.78,22.62,12.58,16.77,1.77,1.53,78.45,1.12,1196.23,1254.39,7422.68,3975.80,31.68,118.82,21.74,287.39,185.95,0.20,10.28,0.00,0.32,0.03,0.68,14.32,3.54,0.97,0.52,2.23,10.43,19.50,0.14,0.07,3.76,0.47,0.26,1.91,19.50,0.00,10.62
,Rolled sandwich,293.07,34.69,6.45,15.29,2.70,2.07,117.68,1.23,1229.14,8540.34,3627.34,611.05,35.25,76.22,17.80,321.57,144.43,0.11,5.14,0.00,0.37,0.02,0.56,155.95,0.56,0.13,0.00,8.50,0.00,25.48,0.17,0.06,1.26,0.04,0.07,0.50,25.48,4.11,391.68
,Ribbon sandwich,239.26,24.76,6.26,13.37,4.66,2.92,157.85,1.05,1001.35,7886.97,3336.33,606.71,34.85,156.29,23.81,382.11,152.57,0.10,3.20,0.00,0.78,0.01,0.83,143.63,0.44,0.11,0.00,2.09,0.00,24.43,0.12,0.08,1.08,0.22,0.10,1.69,24.43,10.63,111.78
,Checker board sandwich,348.37,25.94,7.37,24.65,2.90,2.22,188.02,1.11,1451.90,14933.64,6379.53,964.39,64.42,185.85,23.80,358.25,140.33,0.09,3.70,0.00,0.47,0.01,0.95,264.51,0.62,0.06,0.00,1.95,0.00,23.15,0.13,0.11,1.21,0.25,0.08,1.81,23.15,0.14,161.67
,Submarine sandwich,216.92,13.60,6.09,15.32,2.50,1.24,72.35,1.23,899.78,2629.99,7975.42,3343.38,62.46,95.15,13.19,254.28,130.98,0.04,6.32,0.00,0.08,0.01,0.48,58.34,3.68,1.43,0.11,16.18,1.88,18.69,0.03,0.08,0.16,0.35,0.07,3.79,18.69,11.03,1703.78
,Cheese open sandwich,274.07,28.42,9.84,14.24,3.24,1.74,256.25,1.22,1149.18,4429.64,5872.02,2057.09,28.38,266.28,23.29,504.41,147.36,0.09,5.69,0.00,0.31,0.00,1.15,80.73,2.20,0.01,0.00,8.72,0.00,23.52,0.14,0.12,0.92,0.19,0.07,1.79,23.52,1.08,710.64
,Sunset and sunrise open sandwich,241.31,18.89,8.58,15.14,1.95,1.39,114.07,1.28,1008.85,2538.94,7632.82,3131.09,123.49,141.03,16.08,381.29,132.15,0.08,15.22,0.00,0.23,0.03,0.83,86.74,3.56,1.57,0.25,7.42,4.41,31.85,0.11,0.12,0.69,0.53,0.10,6.25,31.85,4.66,836.53
,Danish luncheon sandwich,193.82,17.77,9.03,10.10,1.13,1.52,77.13,1.27,812.59,4606.32,3020.34,772.38,124.40,111.84,17.99,365.63,164.39,0.09,15.25,0.00,0.22,0.02,0.79,112.76,0.59,0.36,0.24,6.08,4.23,29.96,0.17,0.10,1.30,0.63,0.14,6.18,29.96,2.72,186.31
,Chicken and corn open sandwich,188.16,19.21,8.63,8.83,2.48,1.67,65.13,0.80,789.41,3875.21,1256.74,257.56,31.78,74.03,14.48,226.72,143.00,0.11,6.30,0.00,0.17,0.01,0.41,46.60,0.22,0.23,0.32,1.87,6.41,13.07,0.09,0.04,2.39,0.34,0.15,1.39,13.07,1.95,86.46
,Chocolate sponge cake,239.86,39.54,9.13,5.51,25.00,0.52,33.99,1.81,1011.33,2027.26,2000.64,639.45,173.46,140.08,36.21,61.47,167.86,0.26,19.17,0.00,0.13,0.01,1.10,93.84,0.76,1.28,0.40,0.26,6.92,28.26,0.06,0.10,0.28,0.83,0.09,8.75,28.26,0.00,117.06
,Chocolate swiss roll,306.08,26.97,6.01,19.76,18.83,0.29,42.79,1.08,1275.42,11557.39,5977.93,829.61,138.28,105.05,24.88,44.53,135.64,0.17,10.78,0.00,0.09,0.00,0.73,210.55,0.98,0.71,0.22,0.21,3.85,18.82,0.04,0.13,0.17,0.56,0.07,5.51,18.82,0.40,163.32
,Lemon curd filling,225.62,26.41,3.43,12.58,26.13,0.00,16.39,0.60,945.72,7258.25,3484.00,649.25,118.13,50.13,3.70,34.90,47.38,0.03,10.18,0.00,0.00,0.00,0.35,169.25,0.61,0.00,0.21,0.93,3.65,12.85,0.02,0.06,0.04,0.38,0.04,4.59,12.85,2.55,110.05
,Jam filling,184.62,46.15,0.00,0.00,41.54,0.00,0.00,0.00,772.43,0.00,0.00,0.00,0.00,0.00,0.00,0.00,0.00,0.00,0.00,0.00,0.00,0.00,0.00,0.00,0.00,0.00,0.00,0.00,0.00,0.00,0.00,0.00,0.00,0.00,0.00,0.00,0.00,0.00,0.00
,Chocolate pastry,243.37,32.24,7.05,10.12,22.34,0.32,50.70,1.44,1022.02,5492.35,3091.14,610.70,121.03,126.84,38.78,46.54,175.33,0.27,11.72,0.00,0.10,0.00,0.95,140.81,0.65,0.77,0.24,0.26,4.19,19.77,0.05,0.12,0.25,0.60,0.07,6.19,19.77,0.29,120.84
,Assorted pastry,230.74,31.99,6.78,8.91,19.70,0.43,47.20,0.94,968.81,4717.04,2669.01,607.94,131.02,99.55,11.05,49.99,100.58,0.06,12.59,0.00,0.10,0.00,0.63,152.18,0.62,1.05,0.26,0.16,4.55,19.43,0.05,0.13,0.19,0.66,0.07,6.64,19.43,0.31,136.69
,Orange gateau,178.05,27.01,4.78,6.02,18.33,0.68,41.69,0.89,748.22,3176.94,1797.28,423.92,87.91,103.77,10.77,80.41,117.51,0.05,8.50,0.00,0.08,0.00,0.45,102.11,0.43,0.81,0.18,0.86,3.05,18.94,0.06,0.09,0.21,0.51,0.06,5.33,18.94,13.14,296.06
,Black forest gateau,217.82,30.57,5.94,8.58,21.97,0.28,46.79,1.09,915.48,4605.19,2592.18,530.63,107.21,127.66,26.03,79.37,138.54,0.16,10.39,0.00,0.09,0.00,0.72,124.73,0.56,0.68,0.21,0.20,3.72,16.75,0.05,0.11,0.24,0.57,0.06,5.49,16.75,218.94,146.22
,Lemon cake,373.85,43.10,5.29,20.63,25.84,0.62,32.77,0.91,1560.33,12385.45,5440.97,976.07,123.01,155.42,10.65,151.29,80.60,0.07,8.32,0.00,0.15,0.01,0.53,256.52,0.74,1.54,0.17,2.00,2.99,14.75,0.05,0.07,0.21,0.49,0.05,4.03,14.75,4.01,230.98
,Dundee cake,396.62,41.40,7.78,22.70,21.30,1.81,58.11,1.57,1656.16,10257.88,5307.85,1159.95,111.12,171.55,19.42,182.74,169.79,0.10,8.55,0.00,0.30,0.02,0.63,199.79,1.35,1.62,0.17,1.88,3.03,15.29,0.05,0.08,0.31,0.51,0.06,4.10,15.29,0.12,200.45
,Victorian sandwich cake,373.09,44.74,5.18,19.83,28.18,0.59,36.25,0.86,1557.31,11925.44,5244.04,913.00,117.02,152.62,9.92,145.28,74.16,0.07,7.94,0.00,0.14,0.01,0.52,244.02,0.71,1.44,0.16,1.80,2.85,13.51,0.05,0.07,0.19,0.47,0.05,3.84,13.51,0.12,226.28
,Chocolate eggless cake,312.01,43.45,6.66,13.19,34.20,0.32,185.38,0.95,1308.40,8211.50,3590.50,461.79,35.49,228.05,51.12,196.61,317.29,0.25,1.75,0.00,0.07,0.00,1.11,147.71,0.32,0.78,0.00,1.06,0.00,12.84,0.08,0.28,0.36,0.58,0.05,2.36,12.84,2.33,127.63
,Orange eggless cake,355.62,52.65,7.16,13.82,37.87,0.56,205.84,0.52,1491.28,8627.27,3665.00,515.90,40.97,221.64,26.13,226.28,277.82,0.04,2.02,0.00,0.13,0.00,0.87,170.55,0.33,1.36,0.00,1.19,0.00,13.83,0.09,0.33,0.36,0.73,0.06,2.78,13.83,3.50,163.75
,Chocolate glace icing,436.29,62.43,3.22,20.80,59.88,0.00,26.75,2.04,1832.75,13019.43,5570.86,691.43,44.49,115.73,87.44,8.66,264.16,0.68,0.00,0.00,0.00,0.00,1.23,200.10,0.50,0.00,0.00,1.80,0.00,6.35,0.03,0.03,0.29,0.01,0.01,0.04,6.35,0.00,133.68
,Butter icing,500.72,71.64,0.19,25.37,71.64,0.00,12.48,0.14,2099.69,16077.28,6453.83,873.51,65.74,7.85,2.12,5.98,13.56,0.09,0.00,0.00,0.00,0.00,0.10,295.68,0.57,0.00,0.00,2.28,0.00,0.00,0.00,0.02,0.01,0.02,0.00,0.06,0.00,0.00,187.65
,Chocolate butter icing,469.59,61.72,3.21,24.77,59.82,0.00,31.87,1.85,1967.95,15536.70,6576.91,828.39,54.90,115.42,87.55,4.99,258.74,0.71,0.00,0.00,0.00,0.00,1.22,246.91,0.59,0.00,0.00,2.15,0.00,6.27,0.03,0.03,0.28,0.01,0.01,0.05,6.27,0.00,163.30
,Almond biscuit (Badam ke biscuit),407.74,52.14,6.25,19.70,22.19,1.50,44.05,1.11,1702.04,11115.97,5751.48,1207.31,73.79,180.97,23.88,151.76,108.03,0.12,3.57,0.00,0.33,0.06,0.66,210.06,1.30,2.77,0.07,2.15,1.23,12.26,0.07,0.07,0.44,0.47,0.05,2.01,12.26,0.16,256.91
,Orange biscuit,354.78,62.11,3.63,11.01,42.63,0.75,20.35,0.77,1488.94,6686.72,2844.49,517.39,51.51,103.04,9.64,259.14,62.46,0.07,2.78,0.00,0.16,0.01,0.37,132.34,0.35,1.69,0.06,1.30,1.00,8.43,0.04,0.04,0.21,0.30,0.03,1.57,8.43,2.24,187.00
,Gingerman biscuit,357.43,55.24,6.26,12.73,21.64,2.00,41.35,1.59,1495.83,7015.98,3359.65,814.95,70.42,177.73,20.44,918.57,119.45,0.11,4.97,0.00,0.89,0.04,0.69,126.89,0.88,3.55,0.10,3.32,1.71,13.81,0.08,0.05,0.42,0.51,0.07,2.53,13.81,10.26,369.71
,Coffee drops,443.07,43.06,7.57,27.16,18.27,1.88,57.09,1.48,1850.76,10039.61,6128.67,9079.10,94.23,213.02,48.60,88.17,196.91,0.36,4.29,0.00,0.87,0.03,1.01,182.44,1.26,10.72,0.18,17.28,2.53,23.05,0.13,0.08,0.71,0.58,0.19,7.21,23.05,0.21,239.69
,Christmas biscuit,406.07,60.97,5.67,15.88,26.01,2.17,29.07,1.20,1697.50,9684.43,4055.26,753.97,64.54,158.34,16.46,127.36,98.76,0.13,2.56,0.00,0.47,0.04,0.69,186.46,0.45,3.43,0.08,1.85,1.09,11.69,0.09,0.04,0.43,0.43,0.05,1.87,11.69,0.00,246.98
,Christmas wreath biscuit,386.05,58.07,5.43,15.01,24.89,2.28,29.71,1.21,1613.81,9137.98,3841.65,713.28,60.87,153.81,16.47,120.20,109.25,0.13,2.50,0.00,0.45,0.04,0.66,175.85,0.45,3.40,0.07,3.31,1.03,11.50,0.09,0.04,0.43,0.42,0.05,1.90,11.50,10.36,258.70
,Christmas bell biscuit,404.85,60.79,5.66,15.84,25.94,2.33,32.00,1.22,1692.40,9656.35,4043.82,751.91,64.34,158.06,16.59,127.01,99.76,0.13,2.56,0.00,0.52,0.04,0.69,185.90,0.45,3.42,0.08,1.94,1.09,11.67,0.09,0.04,0.43,0.43,0.05,1.87,11.67,0.01,246.77
,Christmas star biscuit,392.03,74.54,3.54,10.04,53.05,1.47,22.75,0.96,1652.38,5487.48,3034.97,687.18,35.98,97.88,15.78,76.09,74.73,0.12,1.50,0.00,0.31,0.04,0.49,103.96,0.77,1.94,0.04,1.20,0.61,7.25,0.05,0.03,0.32,0.25,0.03,1.09,7.25,0.01,138.07
,Christmas tree biscuit,385.63,58.41,5.43,15.00,24.77,2.65,35.04,1.18,1612.10,9135.46,3825.08,716.12,60.87,150.01,16.38,120.45,102.25,0.13,2.46,0.00,0.44,0.04,0.66,175.85,0.44,3.23,0.07,1.74,1.03,11.76,0.09,0.05,0.43,0.42,0.06,1.77,11.76,7.34,239.81
,Chocolate cream shells,427.17,59.26,5.10,19.34,34.72,0.90,28.53,1.08,1786.52,11847.80,5007.78,845.04,80.56,147.28,20.27,126.84,97.19,0.14,3.78,0.00,0.21,0.01,0.60,226.89,0.57,2.20,0.08,1.96,1.37,10.53,0.06,0.05,0.29,0.38,0.04,1.94,10.53,0.00,233.62
,Jelly biscuit,404.61,55.24,4.23,19.33,29.76,2.02,36.46,1.19,1695.15,11379.83,5122.32,1318.31,44.67,181.96,29.40,110.57,118.08,0.12,0.69,0.00,0.86,0.02,0.70,200.63,0.53,0.94,0.00,1.69,0.00,9.46,0.24,0.04,0.29,0.29,0.09,4.24,9.46,0.14,178.99
,Cherry and walnut cookies,422.60,59.35,5.63,18.75,30.37,1.30,46.27,1.31,1772.21,8172.93,4345.91,4853.50,60.15,157.16,30.43,114.62,125.24,0.23,3.92,0.00,0.51,0.03,0.71,152.42,0.79,6.31,0.07,9.39,1.19,14.14,0.09,0.05,0.31,0.41,0.11,2.92,14.14,0.00,186.54
,Cheese straws,382.00,30.61,9.83,24.28,1.79,1.29,160.64,1.29,1586.28,14097.76,6666.28,1285.00,201.93,363.75,21.19,587.42,123.91,0.09,7.94,0.00,0.31,0.05,1.13,310.80,0.89,2.78,0.43,3.25,6.04,24.36,0.09,0.11,0.42,0.78,0.09,10.10,24.36,0.00,288.21
,Butterfly biscuit,341.45,25.33,9.98,22.11,2.44,1.02,202.49,1.09,1418.18,12948.50,6071.65,1120.15,169.12,377.85,20.46,572.05,128.56,0.08,6.91,0.00,0.25,0.04,1.20,274.62,0.79,2.21,0.35,2.74,4.80,21.62,0.08,0.12,0.35,0.72,0.08,8.80,21.62,0.21,259.25
,Flan pastry,445.80,47.84,6.72,25.04,6.22,1.58,21.85,1.15,1851.27,15339.07,6417.32,1133.32,102.33,90.83,19.16,193.23,97.91,0.11,1.97,0.00,0.36,0.01,0.60,295.66,0.67,3.86,0.12,2.70,1.73,13.62,0.09,0.06,0.47,0.53,0.06,2.89,13.62,0.00,338.79
,Fruit flan,261.35,34.71,3.30,12.48,9.52,0.71,19.28,0.61,1087.80,7674.35,3209.99,550.54,49.52,49.52,11.26,110.04,73.84,0.05,0.88,0.00,0.16,0.00,0.31,151.58,0.33,1.74,0.06,1.21,0.78,7.30,0.05,0.04,0.26,0.27,0.04,1.52,7.30,0.71,163.09
,Orange cream flan,280.28,36.16,4.73,13.59,25.27,0.63,27.90,0.93,1173.35,7843.59,3719.91,727.87,119.55,99.48,9.77,82.41,97.95,0.06,10.05,0.00,0.08,0.00,0.47,179.36,0.64,0.84,0.21,1.75,3.61,19.00,0.05,0.07,0.18,0.50,0.06,5.34,19.00,10.83,317.40
,Fruit puree tart,286.50,30.42,3.35,16.83,9.79,1.31,19.64,0.63,1190.17,10474.57,4419.59,674.31,42.87,44.94,12.89,49.65,94.06,0.09,0.14,0.00,0.22,0.39,0.32,182.93,0.49,2.19,0.00,2.28,0.00,10.88,0.06,0.06,0.32,0.28,0.06,0.67,10.88,4.67,415.88
,Apple banana pie,243.99,32.12,3.13,11.39,12.96,1.89,21.23,0.79,1017.17,6224.88,3027.56,1226.73,24.66,44.42,21.52,384.43,144.28,0.11,0.26,0.01,0.30,0.24,0.35,110.90,0.62,2.58,0.00,3.55,0.00,8.23,0.05,0.03,0.36,0.26,0.11,0.65,8.23,2.29,228.43
,Lemon chiffon pie,259.31,27.63,4.88,14.52,11.39,0.66,34.43,0.61,1079.99,8854.25,3813.59,648.38,70.30,63.18,10.86,94.95,78.60,0.06,3.91,0.00,0.15,0.00,0.41,190.86,0.47,1.59,0.08,1.16,1.36,9.65,0.05,0.08,0.21,0.38,0.04,2.51,9.65,1.34,183.88
,Orange chiffon pie,207.57,23.14,3.89,11.16,10.46,0.70,30.34,0.62,864.81,6798.99,2928.84,504.69,53.94,52.11,11.03,73.23,100.87,0.05,3.01,0.00,0.12,0.00,0.32,146.46,0.39,1.22,0.06,1.26,1.05,13.06,0.05,0.07,0.22,0.34,0.04,2.50,13.06,12.15,258.92
,Cream buns,215.74,14.16,4.45,15.81,5.95,0.31,45.27,0.50,895.95,9563.47,4255.82,695.39,93.93,72.18,8.47,45.49,79.54,0.03,6.08,0.00,0.07,0.00,0.41,220.82,0.57,0.76,0.13,0.78,2.19,11.14,0.04,0.11,0.14,0.42,0.04,3.86,11.14,0.39,169.29
,Savoury puffs,190.79,10.80,9.51,15.24,4.51,0.33,68.83,1.19,793.43,7148.20,3263.00,558.58,70.73,122.75,17.43,2274.24,180.95,0.09,7.22,0.00,0.10,0.01,0.63,148.00,0.46,0.60,0.33,1.76,6.34,10.87,0.05,0.10,1.57,0.54,0.13,3.49,10.87,1.08,175.38
,Choux swans,216.34,14.92,4.35,15.60,6.13,0.35,44.67,0.51,898.83,9445.21,4201.23,684.34,92.21,70.99,8.68,145.08,81.04,0.03,5.92,0.00,0.07,0.00,0.40,219.13,0.57,0.77,0.12,1.08,2.13,10.91,0.04,0.11,0.14,0.41,0.04,3.80,10.91,2.49,169.65
,Potato aigrettes,530.03,8.01,2.35,54.24,0.73,0.45,9.20,0.45,2182.95,9254.63,11523.52,30912.21,49.70,33.71,6.94,112.45,93.81,0.04,4.17,0.00,0.07,0.01,0.23,77.79,24.06,0.56,0.08,3.99,1.47,8.09,0.02,0.03,0.20,0.25,0.03,2.06,8.09,2.80,98.05
,Cream horns,408.23,23.12,3.42,33.55,7.12,0.60,30.93,0.44,1687.81,20431.09,9293.54,1323.04,93.08,53.56,9.61,57.11,72.97,0.04,0.88,0.00,0.14,0.01,0.31,325.75,1.54,1.46,0.02,0.22,0.32,7.64,0.04,0.09,0.17,0.28,0.04,1.13,7.64,0.43,468.21
,Savoury cheese horns,295.15,21.38,5.66,20.71,2.74,0.73,121.83,0.63,1224.10,12370.11,5455.69,998.12,50.63,148.19,14.28,212.28,105.28,0.05,1.10,0.00,0.18,0.03,0.65,184.28,1.12,1.65,0.00,6.41,0.00,11.51,0.06,0.08,0.22,0.36,0.04,1.72,11.51,3.12,575.39
,Paneer patties,338.58,22.79,7.60,23.96,4.04,1.18,129.90,0.79,1403.85,13274.50,6249.09,2328.54,45.19,116.71,18.29,158.44,93.01,0.09,5.81,0.03,0.28,0.02,0.96,169.37,2.09,2.75,0.00,3.32,0.00,31.04,0.05,0.05,0.32,0.35,0.05,5.71,31.04,3.28,942.96
,Vegetable patties ,261.92,20.98,4.01,17.74,1.49,2.62,18.96,0.87,1084.76,9655.98,4517.93,1975.69,39.33,47.42,20.62,139.52,180.62,0.11,0.42,0.00,0.32,0.03,0.47,147.41,1.87,4.73,0.00,12.31,0.00,19.74,0.09,0.03,0.58,0.38,0.09,1.37,19.74,12.03,1829.45
,Pearl millet infant food (Bajra shishu aahaar),362.44,62.10,11.98,6.62,26.06,7.84,118.52,5.67,1516.50,1148.87,2155.52,2419.38,0.00,278.41,143.55,12.67,602.95,0.55,23.70,0.01,1.03,0.45,2.28,0.00,0.43,6.30,0.00,8.23,0.00,48.28,0.23,0.12,1.48,0.68,0.40,0.81,48.28,0.00,253.54
,Sajina,345.26,66.87,10.81,3.03,25.89,7.62,54.40,5.39,1444.60,507.67,537.17,1108.73,0.00,250.06,127.50,11.70,582.50,0.49,25.23,0.02,0.97,0.21,2.01,0.00,0.18,3.38,0.00,3.09,0.00,40.80,0.21,0.13,0.80,0.65,0.39,0.62,40.80,0.00,275.85
,Cereal mix ,120.81,21.84,3.32,2.02,10.68,2.03,21.40,1.18,505.48,384.22,798.99,658.77,0.00,61.53,32.77,9.29,179.18,0.13,3.33,0.00,0.35,0.08,0.53,0.00,0.21,0.55,0.00,1.81,0.00,19.18,0.07,0.02,0.84,0.24,0.14,0.33,19.18,0.50,821.46
,Pulse mix,83.29,16.00,3.16,0.54,6.59,2.25,14.93,1.29,348.50,58.09,81.30,252.23,0.00,61.34,28.72,3.88,151.35,0.13,9.04,0.00,0.43,0.04,0.61,0.00,0.04,1.21,0.00,0.32,0.00,18.17,0.07,0.03,0.36,0.24,0.09,0.19,18.17,0.00,119.34
,Shishu ahar,93.37,17.42,2.61,1.43,6.61,1.02,13.78,1.02,391.70,243.98,514.53,436.56,0.00,41.56,23.11,2.68,82.43,0.07,0.29,0.00,0.27,0.04,0.33,0.00,0.24,0.21,0.00,0.61,0.00,13.00,0.05,0.02,0.57,0.14,0.09,0.63,13.00,0.00,10.10
,Cereal pulse mix with amylase rice flour,151.57,27.80,4.27,2.74,8.84,3.47,12.61,1.19,637.02,331.61,516.24,1635.37,0.00,91.45,34.43,1.03,96.86,0.14,12.81,0.00,0.83,0.02,0.80,0.00,1.23,3.16,0.00,1.18,0.00,22.01,0.13,0.05,0.71,0.30,0.09,0.84,22.01,0.00,69.33
,Banana groundnut paste/puree,213.19,36.15,4.27,5.45,31.67,1.70,74.93,1.90,892.00,1680.27,2208.71,1249.33,0.00,96.68,65.75,16.85,357.40,0.16,0.63,0.01,0.49,0.11,0.60,0.00,0.53,0.91,0.00,0.91,0.00,20.90,0.08,0.06,1.31,0.38,0.40,1.39,20.90,3.02,151.83
,Rice dal porridge (Chawal dal ki khichdi/khichri),383.33,65.04,10.80,8.33,26.54,4.51,50.46,2.76,1603.90,1734.27,3712.15,2466.53,0.00,198.16,100.09,12.33,465.80,0.41,6.17,0.01,0.95,0.32,1.45,0.00,0.93,1.77,0.00,1.93,0.00,35.60,0.23,0.06,3.46,0.66,0.37,0.69,35.60,0.00,102.77
,Lentils and semolina porridge (Dal suji porridge/daliya),117.29,23.19,3.26,1.06,13.84,1.44,44.74,1.22,490.75,573.02,254.58,91.76,0.00,63.19,30.44,9.64,188.00,0.11,3.79,0.00,0.36,0.09,0.47,0.00,0.08,0.99,0.00,0.53,0.00,10.74,0.06,0.03,0.22,0.26,0.14,0.56,10.74,0.40,101.32
,Spinach khichri (Palak khichri/khichdi),102.18,17.35,3.43,1.91,0.21,1.56,10.43,0.65,426.44,257.35,361.35,1153.24,0.00,60.07,23.26,69.59,170.86,0.14,4.51,0.00,0.29,0.07,0.42,0.00,0.94,0.19,0.00,22.68,0.00,18.74,0.07,0.03,0.59,0.25,0.06,0.38,18.74,2.02,695.11
,Vegetable mix,174.21,36.02,4.70,0.94,27.36,1.93,90.06,2.27,729.40,463.25,177.23,165.23,2.20,114.21,68.98,34.94,527.20,0.16,5.80,0.01,0.48,0.17,0.65,5.60,0.21,0.55,0.00,35.59,0.00,36.84,0.09,0.08,0.49,0.47,0.30,1.59,36.84,8.48,2006.25
,Lentils and wheat porridge (Dal wheat porridge/daliya ),52.54,8.36,2.71,0.94,0.92,1.28,26.28,0.52,219.82,491.51,216.03,55.68,0.00,41.45,10.67,62.79,94.87,0.06,3.11,0.00,0.06,0.05,0.20,0.00,0.05,0.12,0.00,0.49,0.00,6.65,0.03,0.03,0.12,0.16,0.02,0.39,6.65,0.35,71.60
,Maize porridge,89.57,15.64,2.14,1.89,7.69,1.68,17.02,1.11,373.81,233.80,373.14,1107.69,0.00,46.79,31.35,5.59,140.18,0.10,3.07,0.00,0.24,0.04,0.43,0.00,0.84,3.08,0.00,19.60,0.00,14.11,0.06,0.02,0.34,0.12,0.11,0.39,14.11,1.78,678.19
,Spinach peanut burfi (Palak aur mungfali ki burfi),105.37,13.59,3.36,4.39,11.50,2.07,40.95,1.61,444.17,924.58,1927.95,1329.58,0.00,54.41,56.97,19.52,331.67,0.18,1.23,0.01,0.64,0.05,0.53,0.00,0.98,0.85,0.00,135.68,0.00,68.63,0.13,0.05,1.32,0.20,0.09,1.89,68.63,12.62,3989.04
,Split bengal gram burfi/fudge (Channa dal burfi),287.36,54.63,4.65,7.09,43.38,2.06,16.44,0.62,1215.63,3705.35,1780.56,857.82,15.06,45.51,13.65,2.53,64.96,0.10,0.82,0.00,0.34,0.00,0.35,56.45,0.87,0.01,0.00,1.86,0.00,39.64,0.09,0.03,0.39,0.26,0.09,1.75,39.64,0.98,122.35
,Chickpea flour cookies (Sweet besan rounds/cookies),207.01,39.64,4.29,3.42,30.66,2.56,54.95,2.16,867.72,1598.16,806.84,612.09,6.15,69.85,53.73,22.29,283.60,0.09,0.66,0.00,0.56,0.00,0.44,23.05,0.59,0.50,0.00,5.93,0.00,40.00,0.09,0.04,0.35,0.34,0.34,1.84,40.00,1.55,2402.10
,Pearl millet mathri (Bajra mathri),785.08,7.42,1.82,83.12,0.16,1.36,4.63,0.72,3231.65,11245.81,17198.65,50996.44,6.55,32.86,12.87,33.17,42.34,0.06,2.69,0.00,0.16,0.02,0.29,24.57,39.62,0.47,0.00,5.63,0.00,10.72,0.04,0.02,0.15,0.09,0.04,0.39,10.72,0.00,75.31
,Sesame biscuit (Til ke biscuit),424.03,53.65,8.27,19.34,29.73,6.83,298.06,5.73,1767.18,7901.51,5889.74,4005.82,28.19,390.18,151.07,182.26,373.54,0.46,22.86,0.01,1.65,0.17,2.55,105.67,0.98,15.57,0.00,18.74,0.00,37.52,0.22,0.07,1.62,0.46,0.44,1.06,37.52,0.00,328.27
,Fermented bengal gram vada (Khameerikrit/Ufna hua channa dal ka vada),657.57,8.68,4.05,67.19,0.35,2.65,20.50,1.38,2707.74,8077.97,13743.12,42453.15,0.00,63.67,36.88,63.87,267.47,0.15,6.54,0.01,0.42,0.03,0.63,0.00,32.98,0.90,0.00,50.21,0.00,43.03,0.07,0.03,0.36,0.42,0.06,0.78,43.03,4.39,1435.37
,Poshtik namak paras,613.39,19.52,6.49,56.58,0.87,4.55,60.74,2.03,2534.41,9755.68,12694.79,31364.78,14.30,130.17,61.00,44.01,203.84,0.24,11.86,0.00,0.99,0.05,1.15,53.60,23.93,4.86,0.00,38.80,0.00,47.22,0.18,0.06,1.45,0.38,0.14,1.56,47.22,2.93,1098.60
,Soya chikki,423.70,62.89,7.18,15.51,45.47,3.55,81.25,4.47,1764.45,8052.53,3834.54,1719.03,32.71,149.09,102.97,17.24,534.75,0.27,7.24,0.01,0.91,0.05,1.20,122.52,1.10,0.48,0.00,2.01,0.00,48.12,0.11,0.05,0.67,0.50,0.44,1.51,48.12,0.00,399.66
,Besan bathua chilla/cheela,373.82,40.65,11.48,18.57,1.45,7.79,64.75,2.68,1560.66,9987.05,4651.72,1968.96,40.83,183.83,70.42,166.36,274.89,0.27,19.19,0.00,1.80,0.04,1.61,153.03,1.93,4.63,0.00,40.64,0.00,80.83,0.30,0.19,1.51,0.77,0.26,3.25,80.83,6.81,989.88
,Wheat flour and nuts ladoos (Atta nuts ladoos),391.90,44.31,9.46,19.19,15.94,7.30,127.29,4.01,1633.28,7707.38,6365.25,3664.81,25.45,249.13,124.38,8.07,338.21,0.44,24.30,0.01,1.70,0.18,2.23,95.38,1.39,10.94,0.00,8.28,0.00,36.14,0.28,0.09,2.82,0.57,0.30,0.88,36.14,0.00,328.79
,Gram flour and semolina dhokla (Besan suji dhokla),198.91,25.92,8.52,7.10,2.58,4.59,66.66,1.60,834.64,1055.75,1443.33,4048.59,1.39,156.59,38.17,196.59,262.40,0.17,3.05,0.01,0.86,0.04,0.88,3.54,3.35,1.29,0.00,47.66,0.00,77.02,0.19,0.10,0.78,0.55,0.18,3.42,77.02,6.63,1451.54
,Atta dal burfi ,298.80,40.64,6.66,12.47,21.08,4.08,17.07,1.56,1250.23,6250.71,3703.59,1401.16,23.81,140.06,57.29,3.56,268.58,0.30,16.97,0.00,0.81,0.19,1.10,89.23,0.91,3.32,0.00,1.52,0.00,23.40,0.16,0.05,1.43,0.45,0.09,0.33,23.40,0.00,320.47
,Soya roti,283.96,40.03,9.18,9.23,1.58,8.71,53.42,3.85,1183.77,1155.56,1720.72,5491.29,0.02,241.62,114.51,155.93,481.32,0.42,32.68,0.01,2.24,0.02,2.11,0.00,4.04,8.07,0.00,89.43,0.00,71.35,0.32,0.14,1.66,0.70,0.22,2.48,71.35,8.02,2758.77
,Poshtik khichdi/khichri,93.37,15.64,3.04,1.88,0.26,2.00,30.41,1.00,390.17,306.84,559.67,872.57,0.00,52.51,27.73,41.67,139.53,0.12,4.63,0.00,0.38,0.05,0.51,0.00,0.51,1.64,0.00,26.87,0.00,18.16,0.06,0.04,0.79,0.22,0.07,0.34,18.16,7.15,1932.25
,Namkeen daliya,295.11,49.32,8.29,7.99,0.82,8.57,35.98,2.99,1230.10,871.42,1471.48,4544.53,0.00,6.13,4.34,149.63,51.52,0.02,0.02,0.00,0.04,0.01,0.06,0.00,3.55,2.57,0.00,6.10,0.00,5.39,0.01,0.01,0.15,0.06,0.03,0.42,5.39,5.86,1279.71
,Sprouts upma ,316.25,44.96,9.50,10.44,1.67,7.16,36.78,2.76,1318.50,1497.31,2822.24,5520.69,0.00,112.94,44.10,147.82,248.98,0.37,7.48,0.01,1.41,0.12,1.66,0.00,3.90,7.34,0.00,5.42,0.00,27.93,0.24,0.05,1.61,0.60,0.11,0.42,27.93,0.51,527.19
,Semolina idli (Suji/Rava idli),206.39,33.67,9.34,3.47,3.42,5.85,100.85,2.34,864.39,1054.87,1133.82,911.02,3.48,193.19,53.71,185.02,413.85,0.31,9.58,0.01,1.15,0.08,1.57,8.86,0.51,3.60,0.00,55.65,0.00,58.64,0.21,0.14,1.20,0.66,0.13,1.82,58.64,5.43,1831.94
,Poshtik chilla/cheela,159.53,27.47,4.85,3.04,1.22,4.91,18.18,2.10,665.91,383.59,553.70,1811.44,0.00,138.23,55.64,97.18,150.74,0.21,22.06,0.00,1.27,0.02,1.25,0.00,1.25,5.64,0.00,3.62,0.00,16.31,0.19,0.07,1.06,0.41,0.12,0.47,16.31,0.81,276.08
,Stuffed bittergourd (dry) (Bharwa karela),217.65,2.49,1.29,22.38,0.07,3.00,16.72,1.29,896.16,2772.90,4548.07,14075.41,0.00,35.98,28.10,519.29,284.18,0.08,3.97,0.01,0.43,0.09,0.35,0.00,10.94,1.47,0.00,5.00,0.00,45.33,0.05,0.03,0.24,0.21,0.04,5.17,45.33,41.00,365.52
,Cauliflower potato canjee,16.79,2.63,0.57,0.39,0.13,0.69,6.78,0.28,70.25,33.63,170.80,110.50,0.00,16.29,7.81,35.58,117.27,0.02,0.72,0.00,0.07,0.00,0.10,0.00,0.02,0.38,0.00,1.57,0.00,6.81,0.02,0.01,0.22,0.11,0.03,0.42,6.81,7.35,48.99
,Creamed spinach,96.91,4.44,5.18,6.39,1.59,1.33,122.30,1.89,403.43,3508.15,1762.64,478.59,59.60,124.22,51.53,156.02,385.36,0.11,6.92,0.02,0.61,0.01,0.70,71.53,1.00,0.33,0.11,169.03,1.89,83.11,0.11,0.12,0.23,0.44,0.11,5.38,83.11,16.12,5045.60
,Mango milkshake with ice cream (Aam milkshake ice cream ke saath),68.35,9.18,1.93,2.80,9.11,0.23,69.36,0.15,287.54,1682.09,752.44,102.71,1.30,56.22,6.62,16.64,85.24,0.03,0.77,0.00,0.03,0.00,0.21,4.01,0.17,0.44,0.00,0.56,0.00,13.64,0.02,0.08,0.08,0.24,0.04,1.33,13.64,4.99,275.40
,Pineapple milkshake with ice cream (Ananas milkshake ice cream ke saath),68.49,9.33,1.93,2.75,9.20,0.42,68.78,0.12,288.13,1668.10,740.34,92.80,1.30,56.51,6.54,16.65,85.12,0.03,0.56,0.00,0.16,0.00,0.20,4.01,0.19,0.02,0.00,0.28,0.00,6.13,0.03,0.07,0.07,0.24,0.04,1.27,6.13,5.39,118.02
,Orange milkshake with ice cream (Narangi milkshake ice cream ke saath),67.82,9.15,1.95,2.75,9.00,0.16,69.80,0.19,285.31,1666.45,738.94,92.78,1.30,56.43,6.35,16.65,87.59,0.03,0.57,0.00,0.01,0.00,0.20,4.01,0.14,0.04,0.00,0.29,0.00,6.28,0.03,0.07,0.08,0.25,0.03,1.48,6.28,6.13,187.28
,Woodapple juice (Bel ka sharbat),34.18,6.51,0.63,0.70,5.75,1.03,11.85,0.12,144.50,170.91,113.37,278.01,0.00,16.69,5.23,127.45,71.86,0.04,0.48,0.00,0.06,0.00,0.07,0.00,0.02,5.48,0.00,1.62,0.00,1.61,0.01,0.00,0.11,0.05,0.04,0.32,1.61,5.23,34.66
,Sattu drink,23.38,5.16,0.56,0.14,3.96,0.40,1.59,0.17,98.99,12.29,22.96,64.89,0.00,8.56,3.17,12.65,25.27,0.03,1.34,0.00,0.04,0.00,0.10,0.00,0.00,0.05,0.00,0.04,0.00,4.77,0.01,0.00,0.05,0.04,0.00,0.02,4.77,0.00,26.68
,Apple and honey sorbet (Seb aur shehad ka sharbat),121.30,30.74,0.15,0.29,29.18,1.13,9.11,0.18,515.02,71.84,22.32,127.71,0.00,5.41,4.29,1.97,56.42,0.05,0.26,0.00,0.02,0.06,0.08,0.00,0.07,0.64,0.00,1.59,0.00,1.65,0.01,0.01,0.12,0.04,0.02,0.15,1.65,3.13,100.14
,Thandai,101.18,9.13,3.59,5.89,8.21,0.80,112.31,0.60,424.55,2265.01,1979.56,732.16,0.00,98.38,25.58,22.69,140.99,0.12,1.06,0.00,0.37,0.01,0.48,0.00,0.76,0.54,0.00,1.37,0.00,7.18,0.05,0.09,0.23,0.28,0.04,1.58,7.18,1.44,152.88
,Cucumber sharbat (Kheere ka sharbat),27.28,6.64,0.26,0.06,5.46,0.78,6.49,0.18,115.77,23.42,3.86,24.79,0.00,10.39,7.54,2.57,67.04,0.02,0.06,0.00,0.03,0.00,0.07,0.00,0.01,0.46,0.00,2.99,0.00,6.15,0.01,0.00,0.13,0.16,0.02,1.03,6.15,2.23,62.41
,Apple oats chia seed smoothie,85.64,13.07,3.49,2.48,5.76,1.44,88.89,0.50,361.61,924.65,688.17,691.89,4.32,111.20,23.55,32.02,169.25,0.05,1.43,0.00,0.38,0.13,0.57,10.91,0.10,0.19,0.00,0.56,0.00,11.36,0.14,0.11,0.22,0.28,0.08,2.83,11.36,0.86,44.87
,Nannari sharbat,88.79,23.62,0.01,0.01,23.58,0.00,2.67,0.05,378.57,3.16,0.43,4.51,0.00,0.45,0.61,1.16,3.35,0.03,0.01,0.00,0.00,0.00,0.02,0.00,0.00,0.00,0.00,0.02,0.00,0.21,0.00,0.00,0.00,0.00,0.00,0.02,0.21,0.89,0.83
,Semolina milk drink (Thari kanji),44.16,6.93,0.98,1.36,3.88,0.72,8.26,0.36,185.09,406.45,655.71,194.40,0.93,23.98,11.57,11.95,84.57,0.09,0.74,0.00,0.16,0.01,0.25,3.50,0.10,0.41,0.00,0.33,0.00,4.50,0.03,0.02,0.16,0.09,0.04,0.30,4.50,2.50,184.48
,Saffron milk (Kesariya doodh),102.18,12.64,3.17,4.57,12.50,0.14,110.88,0.21,429.93,2511.50,1393.49,240.75,0.00,92.72,10.54,23.69,114.64,0.05,0.94,0.00,0.08,0.01,0.34,0.00,0.46,0.08,0.00,0.12,0.00,6.84,0.03,0.10,0.10,0.32,0.04,1.87,6.84,1.84,184.86
,Black rice kheer (Chak-hao kheer),147.94,22.93,4.37,4.91,12.57,0.76,94.89,0.46,621.50,2229.41,936.06,106.79,0.00,74.58,6.80,25.77,104.34,0.03,0.74,0.00,0.04,0.00,0.27,0.00,0.17,0.04,0.00,0.01,0.00,5.42,0.02,0.08,0.06,0.26,0.03,1.53,5.42,1.55,154.39
,Coconut kheer (Nariyal ki kheer),162.61,14.42,3.40,10.55,13.73,1.53,89.52,0.53,683.01,5162.74,2272.01,551.85,3.22,83.39,23.26,45.97,188.16,0.10,0.70,0.00,0.18,0.01,0.38,12.11,1.15,0.08,0.00,2.39,0.00,7.59,0.03,0.10,0.20,0.25,0.04,1.31,7.59,1.88,151.07
,Apple sago payasam (Seb aur sabudana ki kheer),136.50,14.40,3.13,7.66,10.63,0.38,102.11,0.31,571.98,4006.92,2525.72,506.10,10.85,93.90,16.81,39.45,129.65,0.07,1.14,0.00,0.12,0.07,0.42,40.82,0.61,0.23,0.00,0.38,0.00,6.48,0.04,0.12,0.15,0.32,0.04,1.62,6.48,1.78,188.51
,Kesari bath,244.57,31.38,2.40,12.59,20.16,1.65,7.70,0.69,1022.15,6871.24,3797.93,802.88,27.84,34.68,16.01,1.70,65.68,0.17,2.13,0.00,0.37,0.00,0.52,104.34,0.73,1.41,0.00,0.25,0.00,4.84,0.06,0.01,0.21,0.16,0.02,0.15,4.84,0.00,254.83
,Putharekulu,318.30,59.61,3.66,7.55,23.86,1.75,6.11,0.38,1334.19,4437.94,1961.99,441.87,18.39,65.64,12.93,2.67,67.48,0.15,0.56,0.00,0.37,0.03,0.53,68.93,0.47,0.00,0.00,0.70,0.00,4.56,0.08,0.03,1.17,0.26,0.10,0.14,4.56,0.00,161.21
,Mango malpua,334.64,12.84,1.65,30.67,4.96,2.08,10.64,0.70,1381.80,18192.95,7988.43,1563.92,75.21,46.06,20.34,1.89,89.28,0.10,7.22,0.01,0.45,0.00,0.43,281.80,1.99,2.76,0.00,1.84,0.00,28.17,0.06,0.03,0.38,0.15,0.07,0.62,28.17,9.68,1024.54
,Mango vanilla custard,147.63,18.41,3.43,7.04,14.62,0.99,84.86,0.58,620.73,2845.30,2757.99,828.29,0.35,93.60,25.11,30.12,160.49,0.14,1.55,0.01,0.18,0.01,0.47,0.89,1.82,0.84,0.00,1.80,0.00,24.20,0.06,0.08,0.24,0.28,0.08,2.04,24.20,7.90,421.67
,Kiwi granola pudding,280.99,32.33,5.60,15.36,15.08,3.71,62.20,1.45,1182.49,5668.31,3679.38,1527.59,20.27,128.82,36.13,59.21,274.53,0.17,3.75,0.00,0.79,0.01,0.81,40.19,1.02,0.24,0.38,0.67,0.00,39.53,0.37,0.43,1.81,0.36,0.10,3.03,39.53,12.47,22.35
,Oats burfi,425.19,62.47,8.89,17.27,32.93,4.96,128.58,2.46,1793.80,5110.56,7837.72,3258.64,10.33,276.19,96.12,8.15,314.78,0.34,7.34,0.02,2.00,0.04,1.73,38.26,3.71,0.40,0.00,1.07,0.00,29.56,0.47,0.07,0.85,0.44,0.16,10.74,29.56,0.09,103.88
,Lotus seed halwa (Kamal gattay ka halwa),370.55,39.56,7.79,20.69,9.80,0.42,82.84,1.80,1542.20,11042.29,6003.61,1817.66,45.24,304.33,105.76,3.06,658.52,0.21,0.20,0.00,1.14,0.00,0.60,169.56,2.04,0.06,0.00,0.41,0.00,49.40,0.31,0.08,0.83,0.41,0.30,0.19,49.40,0.02,348.85
,Amaranth ladoo (Rajgira ladoo),454.15,51.33,10.12,22.70,19.92,5.11,144.58,6.47,1891.64,9148.40,8187.25,3255.18,33.64,262.35,231.95,7.51,414.93,0.56,9.08,0.65,3.23,0.01,1.88,126.07,3.67,31.25,0.00,1.85,0.00,21.69,0.05,0.05,0.64,0.26,0.44,1.40,21.69,0.08,324.04
,Chhena poda,344.57,33.64,13.68,17.94,30.65,1.40,295.29,1.41,1447.91,6796.85,8023.86,1949.40,3.31,264.21,65.71,13.00,150.27,0.35,14.34,0.06,0.50,0.02,2.27,12.42,2.30,0.60,0.00,0.83,0.00,57.47,0.07,0.08,0.47,0.45,0.05,12.27,57.47,0.13,143.72
,Sweet couscous dessert,196.20,29.69,3.81,7.69,15.89,2.18,30.94,0.84,827.12,2653.54,3090.03,1186.59,9.37,83.87,31.24,4.22,183.41,0.16,1.43,0.00,0.47,0.01,0.57,42.13,2.24,10.42,0.00,3.26,0.00,12.66,0.12,0.04,0.76,0.22,0.12,1.58,12.66,14.81,50.31
,Sweetened yogurt (Shrikhand),107.18,16.02,5.27,2.89,15.81,0.08,183.02,0.17,453.48,1759.85,789.10,133.58,9.95,156.60,18.36,73.61,261.06,0.01,1.87,0.00,0.08,0.00,0.66,25.33,0.16,0.09,0.00,0.08,0.00,16.56,0.06,0.25,0.19,0.46,0.09,2.41,16.56,0.92,22.70
,Thickened sweetened milk (Rabri),102.79,10.55,3.52,5.35,10.09,0.19,111.87,0.29,431.75,2657.93,1843.55,374.33,0.00,101.92,15.00,23.92,125.85,0.08,1.15,0.00,0.07,0.01,0.42,0.00,0.55,0.10,0.00,0.18,0.00,7.40,0.04,0.10,0.11,0.34,0.05,1.94,7.40,1.86,187.62
,Gram flour halwa (Besan halwa),276.79,25.78,5.88,17.30,15.83,1.82,77.42,0.67,1156.72,9598.22,4781.18,1277.19,33.12,98.95,20.44,15.40,128.25,0.12,1.56,0.00,0.34,0.01,0.55,124.14,1.40,0.22,0.00,1.48,0.00,34.75,0.10,0.09,0.38,0.42,0.10,2.48,34.75,1.12,372.89
,Prawn sandwich,169.65,11.89,10.36,9.27,1.21,1.55,75.53,1.11,708.60,1229.45,5979.27,1397.05,40.70,146.92,38.95,213.38,152.55,0.23,26.81,0.01,0.33,0.01,0.97,3.25,2.71,0.08,0.65,7.73,162.83,22.37,0.07,0.04,1.33,1.07,0.11,1.00,22.37,5.52,219.48
,Watercress sandwich,229.42,28.03,5.17,11.47,1.81,2.26,98.16,0.99,962.39,6517.53,2611.82,376.47,26.56,66.33,19.07,407.44,140.55,0.09,3.97,0.00,0.31,0.00,0.47,119.47,0.34,0.35,0.00,15.56,0.00,22.43,0.13,0.05,1.00,0.13,0.06,0.82,22.43,4.13,185.60
,Fish sandwich ,150.20,10.09,4.72,10.37,1.04,1.23,47.28,0.69,627.64,1840.69,5610.90,2397.35,8.41,68.68,16.13,161.88,103.87,0.05,5.13,0.00,0.30,0.00,0.40,7.70,1.34,0.05,0.09,2.53,0.14,15.07,0.06,0.03,0.87,0.28,0.07,0.74,15.07,1.49,35.66
,Kidney bean sandwich with cottage cheese,176.64,18.86,9.85,6.84,3.69,3.66,166.63,1.64,739.56,3175.76,2410.18,449.02,2.67,177.15,43.64,97.97,296.76,0.20,11.12,0.03,0.34,0.01,1.32,11.99,0.16,5.23,0.00,2.70,0.00,89.19,0.09,0.08,0.71,0.49,0.07,5.58,89.19,2.22,124.89
,Finger millet biscuit (Ragi biscuit),458.56,52.69,4.03,25.79,16.90,5.97,207.04,2.54,1907.85,15867.05,6613.29,1082.50,64.19,174.74,78.66,98.24,247.17,0.37,8.14,0.02,1.74,0.00,1.41,288.70,0.64,22.07,0.00,3.83,0.00,18.41,0.20,0.11,0.71,0.17,0.03,0.53,18.41,0.00,265.49
,Buttermilk biscuit,322.54,34.93,5.76,17.50,3.44,1.18,67.16,0.77,1339.64,10855.83,4385.48,697.41,45.41,184.46,17.22,323.74,117.49,0.08,1.32,0.00,0.27,0.00,0.57,202.83,0.41,2.88,0.46,1.97,0.00,8.74,0.08,0.10,0.36,0.45,0.05,0.29,8.74,0.00,236.36
,Lemon cookies,394.48,42.19,5.63,23.02,23.47,0.78,72.04,0.69,1643.42,14318.72,5857.16,945.65,82.16,104.31,12.50,84.71,79.05,0.08,2.16,0.00,0.16,0.00,0.64,283.51,0.55,1.72,0.04,2.04,0.78,6.88,0.05,0.09,0.23,0.28,0.04,1.17,6.88,0.96,244.66
,Sweet potato biscuit (Shakarkand ke biscuit),296.40,38.13,5.14,13.31,2.53,2.27,56.34,0.81,1232.25,8225.50,3308.40,600.18,33.83,234.27,19.30,339.58,183.69,0.12,0.50,0.00,0.33,0.00,0.52,151.70,0.31,3.05,0.18,2.44,0.00,11.73,0.09,0.07,0.52,0.61,0.07,1.79,11.73,5.27,2742.52
,Raspberry shortbread cookies,441.12,61.25,3.00,21.25,40.86,0.75,13.81,0.60,1842.71,13357.98,5370.68,817.64,54.36,37.24,9.21,6.06,51.53,0.08,0.01,0.00,0.17,0.00,0.30,244.48,0.49,1.82,0.00,2.16,0.00,4.48,0.04,0.04,0.21,0.21,0.02,0.24,4.48,0.03,230.82
,Pumpkin cookies ,218.40,44.69,2.51,3.93,31.62,1.06,19.36,0.52,920.79,2299.42,1009.54,234.02,22.23,62.44,8.86,51.49,82.12,0.08,1.56,0.00,0.20,0.00,0.27,47.00,0.25,1.49,0.03,15.97,0.53,9.13,0.03,0.03,0.22,0.22,0.03,1.08,9.13,1.48,343.06
,Greenpea cookies,159.42,23.07,6.53,4.24,14.45,5.32,48.45,1.47,666.90,388.16,2295.02,1200.33,0.00,218.08,45.08,229.90,241.34,0.29,1.09,0.00,0.55,0.02,1.01,0.00,1.72,6.46,0.00,22.79,0.00,37.23,0.16,0.04,0.96,0.50,0.12,2.67,37.23,22.15,1412.17
,Sunflower cookies,520.62,40.06,9.49,36.28,24.28,3.95,70.45,2.21,2178.56,11029.33,10688.66,12653.90,26.38,300.42,135.07,181.68,210.54,0.91,14.97,0.00,0.84,0.01,2.38,118.64,7.49,1.79,0.00,3.92,0.00,28.18,0.21,0.06,0.64,0.44,0.30,0.88,28.18,0.00,204.39
,Cardamom cookies (Elaichi cookies),400.49,53.99,5.10,19.12,38.99,2.79,25.21,1.41,1675.99,11410.87,5018.37,977.18,111.21,114.41,34.43,98.45,111.45,0.18,20.08,0.00,0.85,0.00,0.97,235.19,0.73,3.35,0.15,1.92,2.67,15.99,0.11,0.09,0.59,0.49,0.09,3.58,15.99,0.00,219.87
,Hazelnut cookies,493.32,39.44,6.25,34.97,22.01,2.45,47.43,1.29,2049.20,12708.05,17542.10,2441.33,46.99,109.64,50.12,81.06,233.17,0.39,0.52,0.00,1.43,0.00,0.80,211.34,6.97,1.57,0.00,1.87,0.00,22.68,0.15,0.07,0.47,0.58,0.17,20.12,22.68,0.00,197.10
,Milk cookies,459.43,48.43,10.49,24.96,22.06,0.99,251.59,0.75,1911.43,15668.93,6339.12,968.68,67.93,270.34,32.61,156.53,385.42,0.07,4.56,0.00,0.23,0.00,1.13,289.81,0.57,2.43,0.00,2.53,0.00,15.65,0.13,0.34,0.47,0.94,0.09,0.86,15.65,1.63,280.86
,Cranberry cookies,272.48,36.39,3.92,12.66,19.96,1.13,36.16,0.71,1138.18,7646.00,3271.85,611.45,58.22,80.10,11.53,58.25,93.04,0.08,3.47,0.00,0.18,0.05,0.41,144.93,0.44,1.69,0.07,1.83,1.18,9.26,0.05,0.06,0.24,0.37,0.05,1.94,9.26,2.97,216.26
,Olive biscuit,438.29,55.01,3.20,23.75,32.27,0.82,10.76,1.37,1829.90,12806.22,6872.87,981.73,48.63,38.11,9.54,120.10,53.32,0.07,0.00,0.00,0.19,0.01,0.31,218.74,0.58,1.99,0.00,3.63,0.00,4.81,0.04,0.03,0.23,0.22,0.02,0.22,4.81,0.00,218.74
,Tutti fruitti biscuit,420.78,53.12,5.21,17.90,15.75,5.43,23.81,1.96,1749.34,10976.62,4437.99,945.97,44.48,194.29,60.37,93.11,155.27,0.23,25.41,0.00,1.43,0.00,1.40,200.06,0.51,6.42,0.00,2.26,0.00,13.98,0.20,0.09,1.14,0.43,0.12,0.41,13.98,0.00,262.83
,Peach blueberry preserves,177.38,45.76,0.53,0.20,45.33,1.14,9.03,0.33,754.71,17.33,92.39,53.02,0.00,11.29,5.14,2.81,129.46,0.09,0.27,0.00,0.15,0.05,0.10,0.00,0.19,0.97,0.00,1.80,0.00,4.32,0.02,0.02,0.18,0.10,0.04,0.90,4.32,4.28,24.40
,Pear preserves (Naashpati ka murabba),101.24,25.67,0.25,0.19,25.19,3.06,6.57,0.23,429.63,52.91,16.56,70.01,0.00,4.90,5.64,2.10,74.27,0.08,0.01,0.01,0.05,0.00,0.07,0.00,0.20,1.01,0.00,8.58,0.00,3.68,0.01,0.01,0.09,0.04,0.06,0.96,3.68,2.63,63.04
,Starfruit preserves ,128.93,33.62,0.24,0.12,33.47,0.78,5.24,0.20,549.14,10.37,9.31,57.51,0.00,4.00,4.09,2.06,49.72,0.06,0.20,0.01,0.02,0.00,0.10,0.00,0.11,0.27,0.00,0.55,0.00,2.66,0.02,0.01,0.10,0.08,0.02,0.04,2.66,10.86,42.28
,Gooseberry pickle (Amla ka achaar),278.58,7.61,1.55,27.61,0.36,3.70,31.17,1.04,1165.95,3118.62,16017.13,6009.61,0.00,47.48,23.00,86.38,199.18,0.09,2.82,0.00,0.68,0.03,0.27,0.00,0.31,1.78,0.00,4.25,0.00,8.96,0.05,0.04,0.39,0.21,0.09,0.21,8.96,20.84,136.86
,Lotus stem pickle (Kamal kakdi ka achar),102.69,20.07,1.44,1.60,2.53,8.58,137.73,20.57,429.02,166.49,835.80,103.13,0.00,44.54,57.68,181.83,1026.99,0.42,0.00,0.00,0.01,0.00,0.01,0.00,0.06,0.07,0.00,1.09,0.00,0.49,0.28,0.41,0.66,0.00,0.01,0.01,0.49,3.14,30.41
,Date pickle (Khajoor ka achaar),182.29,34.66,1.68,4.21,30.47,5.20,41.49,1.96,760.31,552.49,848.15,2605.00,0.00,44.69,39.25,138.86,434.89,0.19,0.36,0.01,0.52,0.00,0.46,0.00,1.83,1.33,0.00,5.15,0.00,11.41,0.03,0.04,0.98,0.30,0.14,0.46,11.41,2.51,2034.99
,Garlic pickle (Lahasun ka achar),413.62,9.75,3.72,39.88,2.32,5.13,54.66,1.82,1705.32,5803.95,14997.32,17239.78,0.00,69.93,33.55,269.12,311.08,0.14,0.59,0.01,0.35,0.09,0.62,0.00,0.09,1.10,0.00,6.62,0.00,31.26,0.10,0.13,0.49,0.56,0.32,1.30,31.26,14.34,392.45
,Fermented bamboo shoot pickle (Mesu pickle),59.83,1.73,1.58,5.59,0.29,2.24,16.62,0.69,250.40,666.84,3010.48,1274.42,0.00,44.03,11.25,161.31,434.41,0.15,2.37,0.00,0.43,0.00,0.44,0.00,0.00,0.39,0.00,3.39,0.00,16.98,0.06,0.08,0.49,0.24,0.17,5.46,16.98,14.59,402.63
,Sweet peach pickle (Aadoo ka achaar),144.64,37.01,0.46,0.20,36.46,1.32,11.99,0.33,614.94,19.08,103.24,39.71,0.00,10.55,5.64,33.04,150.24,0.08,0.36,0.00,0.19,0.04,0.09,0.00,0.01,1.25,0.00,2.52,0.00,3.52,0.01,0.01,0.15,0.08,0.05,0.71,3.52,3.05,27.58
,Pickled mustard greens ,13.12,1.05,1.51,0.22,0.02,1.70,81.44,1.22,54.90,61.41,12.34,140.26,0.00,30.73,22.63,242.36,173.98,0.10,3.43,0.02,0.18,0.00,0.29,0.00,0.24,2.32,0.00,81.96,0.00,46.87,0.03,0.08,0.25,0.11,0.07,0.72,46.87,25.68,2809.57
,Small onion pickle ,16.86,2.76,1.65,0.64,2.99,1.09,31.95,1.20,72.36,99.05,100.16,346.52,0.00,48.74,9.18,249.48,214.90,0.07,0.97,0.00,0.13,0.00,0.45,0.00,0.23,0.00,0.00,3.30,0.00,15.06,0.04,0.08,0.83,0.14,0.23,0.67,15.06,17.27,556.00
,Green tomato pickle (Haray tamatar ka achaar),193.26,2.87,1.23,19.67,0.77,1.74,14.22,0.77,796.26,2348.21,4183.09,12197.64,0.00,29.44,16.01,159.18,205.63,0.07,7.41,0.02,0.18,0.03,0.21,0.00,9.62,1.32,0.00,14.65,0.00,11.25,0.07,0.05,0.49,0.25,0.07,3.75,11.25,12.91,550.97
,Pickled cabbage ,13.69,2.56,0.39,0.14,2.08,0.61,15.96,0.19,57.58,18.29,63.74,43.51,0.00,9.56,6.13,121.39,58.17,0.01,0.37,0.00,0.12,0.00,0.06,0.00,0.01,0.11,0.00,22.02,0.00,9.09,0.01,0.01,0.10,0.05,0.03,0.28,9.09,6.41,72.51
,Coconut pickle (Nariyal ka aachar),517.26,11.53,3.02,51.71,8.98,6.35,44.78,2.62,2138.84,41538.18,3469.48,1322.34,0.00,64.60,32.21,176.54,342.27,0.24,1.75,0.01,0.51,0.25,0.55,0.00,1.11,2.70,0.00,17.17,0.00,19.85,0.06,0.09,0.78,0.20,0.19,0.45,19.85,6.10,1245.30
,Potato pickle (Aloo ka achaar),369.14,7.87,2.07,36.46,0.82,2.21,48.46,1.12,1522.11,5378.27,7666.10,21623.95,0.00,59.24,34.80,213.73,311.23,0.14,0.53,0.00,0.22,0.03,0.44,0.00,16.22,1.76,0.00,9.55,0.00,17.39,0.08,0.03,0.72,0.32,0.13,1.26,17.39,21.62,454.09
,Mango murabba candy,293.35,77.32,0.27,0.05,74.73,0.95,16.55,0.33,1249.53,10.09,5.80,10.77,0.00,6.36,7.64,13.71,56.54,0.11,0.04,0.00,0.30,0.00,0.11,0.00,0.27,2.38,0.00,4.20,0.00,7.50,0.01,0.01,0.08,0.04,0.04,0.43,7.50,26.12,150.94
,Afghani chicken,151.51,1.95,15.66,9.07,0.83,0.31,35.14,1.04,633.34,1241.57,1920.00,1188.45,42.14,151.77,28.36,87.02,259.04,0.27,12.87,0.00,0.14,0.01,0.79,10.63,0.78,0.25,0.91,6.33,18.31,10.81,0.10,0.07,5.40,0.86,0.37,3.16,10.81,1.86,213.36
,Fish orly,563.70,4.27,5.87,58.18,0.24,0.33,9.55,0.31,2321.86,7575.98,11930.07,36197.39,11.78,90.12,11.85,136.37,94.43,0.03,8.36,0.00,0.06,0.01,0.22,8.59,28.26,0.27,0.17,3.90,0.28,4.36,0.02,0.02,0.47,0.36,0.05,0.09,4.36,0.46,130.43
,Hariyali Fish Tikka,150.24,2.21,14.01,9.41,0.83,0.99,34.86,0.83,625.11,5255.14,2264.02,986.02,43.28,162.56,33.88,100.45,257.74,0.08,20.92,0.01,0.17,0.02,0.50,74.09,1.26,0.81,0.43,15.01,0.69,15.00,0.05,0.04,1.09,0.86,0.13,0.57,15.00,6.22,934.22
,Chicken manchurian,142.34,6.06,9.53,11.96,0.90,0.41,26.52,1.28,592.26,1218.86,1867.15,4472.80,37.88,96.13,16.57,2414.77,179.84,0.11,7.51,0.00,0.11,0.00,0.53,13.09,3.54,0.26,0.44,1.01,8.64,10.34,0.04,0.04,2.42,0.46,0.18,2.33,10.34,2.33,67.01
,Handi chicken,166.02,1.49,12.32,12.46,0.75,0.67,26.85,0.93,694.87,1400.08,4941.92,1790.94,33.71,111.00,18.15,75.64,214.67,0.17,10.23,0.00,0.23,0.01,0.54,5.11,0.18,0.29,0.74,1.74,14.99,8.82,0.06,0.05,4.42,0.67,0.30,2.53,8.82,0.64,124.12
,Lemon chicken,169.79,0.55,20.20,9.66,0.16,0.16,17.40,0.95,709.57,1589.38,1248.12,404.48,60.15,165.74,19.91,79.93,282.83,0.25,17.16,0.00,0.04,0.00,0.74,21.47,0.30,0.05,1.27,0.40,25.66,10.89,0.10,0.06,7.45,1.07,0.49,3.89,10.89,3.12,20.44
,Lemon butter fish,160.25,0.75,16.38,10.26,0.23,0.36,18.66,0.40,666.72,5160.78,3187.70,1093.09,46.11,183.74,29.57,187.72,240.34,0.05,25.10,0.01,0.04,0.00,0.50,74.26,1.26,0.05,0.52,2.37,0.84,9.55,0.05,0.03,1.21,0.97,0.13,0.05,9.55,4.35,126.15
,Baked eggs in tomato sauce,80.05,3.78,4.92,5.22,2.03,0.01,71.94,1.31,335.90,1440.99,2049.81,1073.64,77.26,77.38,20.55,188.21,321.52,0.04,9.35,0.00,0.38,0.00,0.53,49.40,1.60,0.01,0.17,263.41,2.94,63.90,0.09,0.08,0.89,0.41,0.19,4.32,63.90,49.39,1750.43
,Egg in a pepper,128.78,0.17,12.64,8.68,0.05,0.17,48.25,1.76,538.83,2800.94,3292.86,1101.69,345.88,176.67,12.83,183.89,144.67,0.07,38.25,0.00,0.04,0.00,1.18,187.11,1.44,0.07,0.79,1.76,13.81,49.87,0.06,0.18,0.14,1.40,0.16,17.53,49.87,5.77,288.45
,Spinach mushroom scrambled egg (Palak mushroom bhurji),158.85,0.59,13.28,11.51,0.10,0.39,140.31,1.60,663.88,5247.66,3825.72,1016.19,276.56,205.75,19.41,227.97,180.76,0.07,31.19,0.00,0.11,0.01,1.35,188.91,1.24,1.40,0.67,22.35,10.54,46.58,0.06,0.19,0.17,1.17,0.14,14.04,46.58,1.95,734.23
,Corn omelette/omlet,166.93,1.57,11.37,12.89,0.41,0.02,96.22,1.34,695.24,6129.16,4076.53,1093.55,253.36,180.05,17.36,166.42,145.92,0.06,26.54,0.00,0.06,0.00,1.22,201.49,1.16,0.02,0.54,0.84,9.40,42.04,0.07,0.17,0.43,1.13,0.12,12.12,42.04,1.49,131.96
,Cajun chicken,184.94,1.94,12.69,13.99,1.10,0.89,156.98,0.53,768.11,5143.72,5138.32,728.50,39.32,168.97,18.93,1740.13,181.55,0.13,7.40,0.00,0.10,0.00,1.17,74.00,0.44,0.28,0.45,10.07,9.13,26.60,0.06,0.10,2.85,0.57,0.26,3.73,26.60,27.13,662.41
,Paaner do pyaza,127.70,3.41,4.22,10.87,2.20,0.84,57.22,0.45,529.49,3612.60,2916.58,3483.96,15.07,82.36,17.05,160.66,135.24,0.07,1.81,0.00,0.17,0.01,0.43,49.84,2.68,1.14,0.00,4.14,0.00,15.37,0.04,0.10,0.27,0.20,0.06,2.43,15.37,7.25,623.05
,Cabbage manchurian (Pattagobhi manchurian),224.26,4.85,0.64,22.48,0.33,0.37,3.18,0.20,924.16,2726.50,4623.99,14190.72,0.18,8.86,3.50,75.02,34.44,0.02,0.05,0.00,0.07,0.00,0.07,0.47,11.03,0.38,0.00,2.62,0.00,4.08,0.01,0.01,0.10,0.07,0.02,0.24,4.08,3.83,70.43
,Gobi 65,278.29,3.59,0.56,29.11,0.29,0.57,12.37,0.30,1145.98,3545.37,5967.12,18366.84,0.29,13.11,5.75,69.22,56.39,0.02,0.21,0.00,0.11,0.01,0.08,0.73,14.25,0.55,0.00,7.50,0.00,4.39,0.01,0.02,0.12,0.06,0.02,0.28,4.39,3.21,614.01
,Paneer lababdar,105.48,3.37,3.98,8.46,1.96,1.16,55.56,0.56,437.87,1898.13,2330.04,3654.59,7.19,77.52,19.63,142.45,145.50,0.08,1.69,0.00,0.19,0.02,0.42,20.93,2.76,2.64,0.00,11.57,0.00,14.81,0.05,0.09,0.27,0.21,0.06,2.26,14.81,7.19,1467.88
,Roasted cauliflower steak,78.68,2.02,2.05,6.70,0.44,3.53,24.47,0.95,325.09,1009.67,4613.26,719.62,0.00,44.67,22.20,120.19,311.66,0.05,0.47,0.01,0.23,0.01,0.29,0.00,0.34,1.29,0.00,17.36,0.00,42.84,0.04,0.07,0.29,0.58,0.12,2.31,42.84,43.90,52.18
,Sauteed radishes with green beans,94.32,6.04,2.41,6.61,1.78,3.52,40.20,1.01,392.94,2151.31,2106.93,1969.88,7.44,82.05,45.13,65.10,323.33,0.14,0.80,0.00,0.77,0.02,0.59,33.47,0.41,1.14,0.00,13.13,0.00,47.51,0.06,0.04,0.80,0.24,0.29,5.57,47.51,6.79,893.83
,Garlic chutney/Poondu chutney (Lahasun ki chutney),255.51,20.44,3.34,17.55,13.36,5.15,63.51,3.26,1059.37,2120.54,3623.00,10862.43,0.00,90.72,50.97,177.62,541.63,0.24,3.85,0.03,0.39,0.08,0.58,0.00,8.36,9.49,0.00,34.42,0.00,21.19,0.16,0.15,1.43,0.24,0.20,0.79,21.19,7.18,11518.02
,Schezwan chutney,205.19,10.79,3.33,17.72,5.66,5.72,35.46,1.96,849.31,2304.13,3690.84,10902.80,0.79,66.21,35.17,486.27,412.31,0.16,1.42,0.01,0.53,0.00,0.60,2.06,8.02,2.26,0.00,28.50,0.00,21.01,0.09,0.16,1.47,0.40,0.33,0.68,21.01,3.48,8013.81
,Onion chutney (Pyaaz ki chutney/Vengaya chutney),143.94,13.52,2.97,8.38,6.80,4.60,28.50,1.19,597.26,1053.95,1665.27,5194.26,0.00,60.17,37.83,256.89,342.69,0.18,3.10,0.01,0.41,0.12,0.53,0.00,3.87,2.74,0.00,21.86,0.00,32.46,0.08,0.07,0.80,0.37,0.13,2.14,32.46,5.39,6574.51
,Dates chutney (Khajoor ki chutney),103.57,21.69,1.07,1.12,18.68,3.41,28.72,1.19,432.86,147.90,243.26,628.95,0.00,29.43,29.16,76.77,288.06,0.13,0.66,0.01,0.29,0.01,0.26,0.00,0.41,1.35,0.00,8.14,0.00,6.54,0.02,0.03,0.58,0.16,0.05,0.26,6.54,1.29,3224.31
,Chicken salad,338.19,1.30,15.33,30.26,0.96,2.00,43.19,1.23,1404.73,2360.33,16255.16,6574.88,47.62,168.54,58.53,50.62,284.46,0.32,11.18,0.00,0.40,0.01,0.98,21.31,8.83,0.32,0.78,2.33,15.76,14.37,0.08,0.10,5.13,0.81,0.34,2.97,14.37,1.99,90.43
,Macaroni salad,262.19,21.63,5.02,17.78,3.73,0.56,35.70,0.77,1095.94,3228.34,9044.05,3857.98,58.64,84.29,18.72,163.99,147.09,0.11,10.21,0.00,0.24,0.00,0.57,56.35,4.10,0.14,0.09,4.61,1.51,21.54,0.06,0.08,0.92,0.42,0.11,3.02,21.54,13.75,470.64
,Cabbage raita (Pattagobhi raita),84.84,5.25,3.24,5.76,4.21,0.93,118.49,0.19,355.76,3166.76,1411.49,254.91,16.26,93.87,15.55,125.31,210.13,0.02,1.91,0.00,0.07,0.00,0.39,35.11,0.14,0.09,0.00,36.97,0.00,23.15,0.04,0.15,0.18,0.28,0.09,1.56,23.15,12.19,136.86
,Pomegranate raita (Anaar ka raita),72.64,7.15,4.05,3.24,7.01,0.60,138.31,0.25,304.99,1952.97,871.85,141.28,4.67,118.15,14.73,195.18,208.12,0.04,1.33,0.00,0.04,0.01,0.48,11.89,0.12,16.46,0.00,3.41,0.00,16.54,0.05,0.17,0.19,0.42,0.11,2.02,16.54,3.19,161.86
,Onion raita (Pyaaz ka raita),71.56,7.86,4.86,2.43,7.07,0.65,163.80,0.30,301.33,1513.98,625.89,115.72,8.61,141.31,20.55,189.96,269.88,0.03,1.63,0.00,0.07,0.01,0.63,21.92,0.07,0.30,0.00,7.46,0.00,20.53,0.06,0.22,0.26,0.46,0.11,2.57,20.53,5.39,382.51
,Green chilli raita (Hari mirch ka raita),77.13,7.66,5.58,2.92,7.49,0.26,193.58,0.21,325.06,1836.55,762.55,127.09,10.52,165.25,20.12,161.31,286.94,0.01,1.92,0.00,0.02,0.00,0.69,26.77,0.06,0.13,0.00,2.97,0.00,18.36,0.06,0.26,0.25,0.49,0.11,2.54,18.36,4.19,206.15
,Kale salad,177.71,5.01,4.86,15.33,3.31,1.36,109.11,1.30,737.53,2990.15,8729.32,2235.26,6.12,97.06,32.20,292.04,336.77,0.10,2.30,0.00,0.48,0.21,0.48,19.22,3.91,0.49,0.00,307.01,0.00,65.96,0.12,0.07,0.62,0.14,0.21,1.54,65.96,56.82,1605.04
,Spinach and paneer souffle ,186.19,9.64,7.56,13.49,2.81,1.07,114.32,1.40,779.43,7830.51,3744.27,624.81,76.02,118.65,21.00,434.68,197.90,0.07,7.32,0.00,0.22,0.01,0.65,145.35,0.59,0.22,0.09,23.10,1.62,29.70,0.07,0.17,0.65,0.32,0.09,3.80,29.70,2.40,825.93
,Masala souffle ,123.51,8.02,6.38,7.37,1.84,1.24,103.68,0.74,514.23,3947.26,2134.54,484.17,86.45,119.81,18.30,131.14,274.75,0.07,9.25,0.00,0.13,0.00,0.82,89.79,0.99,0.23,0.17,5.15,2.95,24.50,0.05,0.11,0.61,0.58,0.16,4.94,24.50,25.77,442.75
,Chicken and cheese souffle,182.35,3.47,9.07,14.74,2.46,0.26,61.71,0.63,758.11,7728.66,3679.40,638.33,89.24,115.11,12.25,120.93,160.39,0.10,10.23,0.00,0.04,0.00,0.56,145.91,0.58,0.15,0.44,1.14,8.62,14.72,0.05,0.11,2.11,0.63,0.18,4.38,14.72,1.23,154.23
,Tamarind chutney (Chintapandu pachadi/Puli chutney),109.15,25.07,0.88,0.48,22.85,1.65,40.30,1.95,456.54,198.95,142.18,81.26,0.68,30.36,32.91,75.61,235.60,0.10,0.27,0.01,0.29,0.02,0.22,2.55,0.04,2.48,0.00,1.21,0.00,4.90,0.04,0.02,0.36,0.10,0.13,0.22,4.90,0.81,453.73
,Pav bhaji masala,230.47,29.15,9.13,10.96,1.48,24.30,588.91,12.84,964.64,1026.17,4773.47,2027.02,0.00,237.57,269.44,1814.66,1258.15,0.93,4.60,0.05,9.00,0.12,2.60,0.00,0.89,14.08,0.00,76.29,0.00,18.84,0.25,0.16,2.75,0.22,0.18,1.25,18.84,5.49,4355.88
,Green chutney,79.42,10.01,5.42,1.60,0.92,5.84,112.74,4.58,332.29,230.49,302.70,691.27,0.00,91.29,73.93,262.81,508.96,0.29,8.40,0.03,1.01,0.11,0.97,0.00,0.34,2.80,0.00,123.51,0.00,63.65,0.11,0.09,0.79,0.54,0.18,2.37,63.65,30.13,7902.35
,Sago khitchdi/khichri (Sabudana khitchdi/khichri),187.16,22.41,2.72,10.10,1.03,1.82,15.13,0.86,785.65,4729.75,3056.39,1331.00,12.24,55.28,27.71,100.26,189.28,0.13,1.11,0.00,0.25,0.02,0.39,45.87,0.85,1.06,0.00,5.38,0.00,12.60,0.07,0.02,1.24,0.17,0.05,0.48,12.60,4.94,380.08
,Gram flour chilla/cheela (Besan chilla/cheela),135.93,21.03,7.80,2.85,1.87,4.25,28.38,2.19,575.24,367.78,552.73,1552.41,0.00,80.20,27.71,135.57,168.70,0.12,1.35,0.00,1.17,0.02,0.65,0.00,1.33,1.15,0.00,9.08,0.00,66.61,0.15,0.06,0.82,0.48,0.19,3.09,66.61,3.32,701.38
,Vegetable namkeen jave,112.23,18.98,2.93,2.51,1.04,2.86,10.32,1.07,468.29,956.98,581.75,718.80,3.41,32.77,14.39,32.13,91.36,0.07,3.57,0.00,0.47,0.01,0.32,12.78,0.56,1.89,0.00,4.49,0.00,7.19,0.04,0.01,0.32,0.18,0.03,0.63,7.19,3.41,510.73
,Khakhra,178.50,27.66,4.78,5.32,0.88,5.43,21.27,2.14,743.92,661.22,1021.50,3255.78,0.00,140.34,57.11,184.16,166.32,0.22,22.84,0.00,1.33,0.03,1.29,0.00,2.32,5.83,0.00,7.64,0.00,13.87,0.19,0.08,1.18,0.39,0.14,0.39,13.87,0.73,515.69
,Moong bean dosa (Pesarattu),285.96,31.91,12.32,11.67,2.90,6.04,36.44,3.38,1190.04,4867.11,2724.42,2968.49,17.86,218.16,86.95,61.36,704.21,0.52,23.77,0.00,1.31,0.07,1.47,66.96,2.35,1.39,0.00,7.30,0.00,53.91,0.19,0.07,1.23,0.94,0.17,1.19,53.91,5.59,514.38
,Methi thepla,346.16,41.34,8.98,15.95,2.98,7.56,73.51,4.52,1442.66,2236.12,3263.20,9358.91,1.85,210.89,83.17,543.27,298.37,0.30,22.39,0.01,2.25,0.05,1.80,4.71,7.03,5.16,0.00,24.75,0.00,41.88,0.25,0.16,1.46,0.61,0.25,1.84,41.88,2.92,712.45
,Rice puttu (Ari puttu),81.98,11.82,1.26,3.13,0.33,0.76,4.96,0.42,342.97,2053.70,176.62,44.23,0.00,28.23,8.00,48.28,69.57,0.07,1.20,0.00,0.08,0.00,0.07,0.00,0.29,0.00,0.00,0.14,0.00,1.16,0.02,0.01,0.33,0.01,0.04,0.05,1.16,0.00,8.38
,Buckwheat pancake (Khura),263.30,27.28,2.91,16.43,0.64,0.56,11.32,0.69,1090.92,10115.73,4059.74,592.43,41.31,54.83,16.71,69.97,100.05,0.21,2.46,0.00,0.49,0.00,0.79,185.79,0.38,0.46,0.00,3.36,0.00,3.23,0.09,0.04,0.82,0.40,0.12,0.22,3.23,0.64,1088.75
,Quinoa khichdi/khichri,64.01,8.83,3.18,1.59,0.69,2.58,24.59,1.12,267.19,692.19,392.44,287.28,2.61,52.58,25.30,69.64,174.76,0.13,4.10,0.00,0.30,0.02,0.52,9.78,0.27,1.09,0.00,5.69,0.00,25.95,0.10,0.03,0.39,0.24,0.07,0.74,25.95,2.87,714.89
,Khakhra chaat,358.66,16.64,4.52,30.65,3.26,3.04,24.49,1.26,1484.32,3698.12,6261.69,19256.31,0.06,64.39,27.23,102.78,173.44,0.12,4.18,0.00,0.53,0.03,0.51,0.22,14.97,5.98,0.00,12.81,0.00,37.46,0.11,0.04,0.63,0.33,0.13,1.68,37.46,5.59,744.35
,Banana appam,469.81,20.06,1.17,42.53,9.95,0.67,13.74,0.77,1938.60,5727.34,8540.80,26201.35,0.00,27.05,19.47,20.14,142.99,0.07,0.44,0.00,0.18,0.00,0.09,0.00,20.46,0.11,0.00,3.04,0.00,4.75,0.02,0.01,0.31,0.08,0.17,0.34,4.75,1.39,49.71
,Veg manchurian,585.64,6.82,0.89,61.65,0.76,1.16,16.79,0.31,2411.09,7412.22,12631.26,39028.96,0.00,16.34,7.53,65.31,83.30,0.03,0.33,0.00,0.10,0.01,0.12,0.00,30.33,0.45,0.00,22.80,0.00,13.61,0.02,0.02,0.15,0.10,0.05,0.70,13.61,7.75,912.78
,Pav bhaji,96.53,11.99,2.66,4.32,2.06,1.98,24.86,0.97,401.63,2223.01,943.10,629.00,8.91,19.19,12.69,163.89,139.30,0.05,0.27,0.00,0.20,0.01,0.18,40.06,0.15,2.51,0.00,11.63,0.00,29.34,0.21,0.07,1.14,0.16,0.06,0.95,29.34,13.16,1629.76
,Rice murukku,593.99,33.29,5.41,48.22,0.17,2.18,24.63,1.70,2454.31,6839.54,10044.71,28886.18,5.32,98.69,29.19,63.31,224.26,0.21,7.09,0.00,0.26,0.01,0.58,23.95,21.98,0.25,0.00,3.31,0.00,26.57,0.09,0.04,1.04,0.25,0.10,0.26,26.57,0.00,173.22
,Bhel puri ,509.89,16.47,3.52,47.91,3.41,2.24,24.22,1.29,2104.69,5770.93,9933.39,30080.44,0.00,47.03,22.42,93.98,150.56,0.10,0.72,0.00,0.36,0.02,0.38,0.00,23.33,1.20,0.00,7.79,0.00,22.40,0.07,0.03,0.56,0.23,0.09,1.04,22.40,4.51,359.34
,Semolina dhokla (Suji/Rava dhokla),194.91,30.86,5.44,5.20,1.85,5.12,31.17,2.52,814.09,1593.49,876.99,2054.16,0.00,67.37,28.69,443.39,194.28,0.25,5.53,0.01,1.39,0.05,1.09,0.00,1.62,4.31,0.00,12.38,0.00,15.23,0.14,0.03,0.66,0.38,0.08,0.51,15.23,3.65,732.86
,Spicy corn chaat ,479.80,11.45,4.61,46.55,0.95,2.17,17.28,0.84,1982.01,6351.30,9680.51,28344.52,3.89,58.68,21.18,86.50,124.80,0.07,0.72,0.00,0.35,0.01,0.38,17.50,22.02,0.20,0.00,5.47,0.00,41.03,0.11,0.04,0.75,0.36,0.09,1.47,41.03,2.54,168.41
,Jackfruit fritters (Ponsa mulik/Kathal ka pakora),597.79,24.00,2.34,54.41,11.48,1.50,24.62,1.15,2467.55,7863.88,11106.46,32627.24,0.00,47.74,30.82,46.39,176.51,0.15,1.36,0.00,0.29,0.01,0.27,0.00,25.47,1.63,0.00,9.90,0.00,9.23,0.04,0.01,0.42,0.10,0.15,0.88,9.23,1.18,25.49
,Banana chips (Kele ke chips),665.67,7.32,0.37,70.46,4.37,0.65,2.01,0.19,2739.08,8484.23,14442.96,44622.74,0.00,6.12,9.04,86.87,106.43,0.04,0.00,0.00,0.11,0.00,0.04,0.00,34.69,0.06,0.00,5.08,0.00,5.26,0.00,0.01,0.14,0.10,0.15,0.45,5.26,2.37,76.30
,Wheat cake,314.63,41.13,4.79,14.95,25.79,2.76,98.91,1.08,1314.90,9265.63,3820.00,672.31,40.13,187.85,39.22,82.96,183.29,0.13,13.77,0.00,0.73,0.00,1.02,174.67,0.39,3.27,0.00,1.57,0.00,11.37,0.13,0.18,0.66,0.46,0.08,1.32,11.37,1.14,179.98
,Mango cheesecake,152.46,20.06,2.39,7.30,15.36,1.14,55.10,0.53,518.58,3705.42,2165.22,449.45,16.90,51.83,13.97,107.12,139.64,0.08,2.45,0.01,0.21,0.00,0.36,41.19,0.62,1.60,0.20,2.43,0.82,39.43,0.03,0.08,0.31,0.28,0.07,0.98,39.43,14.31,620.18
,Carrot cake (Gajar ka cake),255.59,35.98,5.60,10.27,23.96,2.93,156.10,1.03,1070.74,3186.86,2368.67,4102.84,11.61,239.44,39.07,158.74,273.12,0.11,10.96,0.00,0.63,0.00,1.04,44.02,3.15,2.71,0.00,4.43,0.00,17.07,0.12,0.23,0.61,0.61,0.10,2.29,17.07,3.12,1939.44
,Semolina cake (Suji/Rava cake),374.14,31.32,6.58,25.18,18.86,5.37,128.28,1.36,1564.42,16261.69,3745.04,716.87,27.06,197.63,39.58,91.36,349.46,0.29,8.76,0.01,0.79,0.01,1.08,101.81,1.95,1.55,0.00,0.98,0.00,15.97,0.09,0.17,0.47,0.50,0.08,1.88,15.97,1.60,297.17
,Finger millet cake (Ragi cake),279.46,38.93,3.96,12.27,24.76,2.35,118.38,1.35,1169.77,7521.13,3192.04,514.95,25.20,173.84,49.57,98.26,191.33,0.28,6.78,0.01,0.66,0.00,0.98,112.00,0.36,6.36,0.00,1.40,0.00,11.57,0.10,0.10,0.46,0.27,0.05,1.06,11.57,0.78,186.40
,Honey cake,333.59,49.04,3.08,14.70,33.43,0.51,50.86,0.46,1395.88,2183.64,3049.27,8790.58,1.54,95.63,9.73,72.55,88.76,0.06,0.51,0.00,0.16,0.00,0.45,3.93,6.80,1.23,0.00,1.05,0.00,6.15,0.04,0.07,0.20,0.23,0.03,0.65,6.15,0.32,70.76
,Almond cardamom cake (Badam elaichi cake),356.35,34.53,7.18,21.36,18.06,2.35,81.29,1.29,1488.45,8781.48,8635.24,2373.45,74.32,207.42,52.90,155.37,173.38,0.22,5.64,0.00,0.52,0.01,0.94,157.18,3.89,1.75,0.10,2.36,1.79,15.94,0.07,0.10,0.69,0.52,0.06,3.14,15.94,0.54,206.28
,Tutti frutti cake,347.72,52.94,4.49,12.68,28.08,0.85,61.41,0.62,1454.10,1872.73,2609.24,7589.97,2.46,134.12,14.16,106.36,109.79,0.08,0.45,0.00,0.19,0.00,0.47,6.27,5.83,2.06,0.00,1.05,0.00,9.01,0.06,0.08,0.28,0.33,0.05,0.76,9.01,0.22,87.46
,Ham and Bean soup,96.04,4.18,10.61,4.15,1.43,0.54,20.52,0.88,401.91,865.30,2297.71,634.53,25.92,207.48,22.97,378.14,309.30,0.11,5.22,0.00,0.13,0.00,1.20,0.00,0.32,0.24,0.00,7.52,0.00,68.78,0.38,0.10,4.15,2.36,0.31,2.81,68.78,14.79,720.43
,Whey soup,68.91,6.26,3.45,3.34,5.87,0.84,164.92,0.55,287.40,1390.65,993.06,683.14,0.83,116.09,19.08,87.08,158.89,0.07,4.78,0.02,0.08,0.00,0.81,1.65,0.47,0.10,0.00,1.25,0.00,15.09,0.04,0.13,0.12,0.39,0.04,2.93,15.09,1.14,54.21
,Bottle gourd soup (Ghiya/Lauki soup),23.05,1.16,0.45,1.79,0.39,0.96,15.14,0.26,95.36,358.40,1170.08,162.30,0.72,14.68,5.92,53.81,61.68,0.03,0.76,0.00,0.08,0.00,0.10,2.29,0.09,0.34,0.00,2.02,0.00,17.87,0.01,0.01,0.08,0.24,0.01,1.15,17.87,2.03,56.98
,Baked potato soup,147.05,5.85,5.73,11.21,3.44,0.30,106.56,0.27,611.18,6188.45,3297.93,657.61,26.31,128.17,12.65,268.69,184.87,0.04,2.36,0.00,0.04,0.00,0.58,64.97,0.27,0.14,0.00,1.00,0.00,8.15,0.13,0.11,1.03,0.42,0.11,1.90,8.15,3.62,167.06
,Pumpkin soup,40.05,2.08,0.47,3.20,1.47,1.19,12.17,0.19,165.55,616.28,2153.91,272.50,0.86,11.85,5.38,45.50,115.19,0.03,0.18,0.00,0.05,0.00,0.06,4.57,0.41,0.64,0.00,37.00,0.00,11.22,0.01,0.02,0.19,0.09,0.04,0.82,11.22,3.61,614.57
,Sweet corn soup,32.25,3.56,0.99,1.63,0.90,0.31,3.72,0.41,135.27,198.92,364.54,915.44,0.00,26.14,11.22,22.35,86.92,0.02,0.01,0.00,0.17,0.00,0.14,0.00,0.66,0.11,0.00,1.07,0.00,12.78,0.04,0.02,0.52,0.21,0.03,0.18,12.78,2.63,320.71
,Paneer soup,47.85,2.42,3.22,2.80,1.98,0.28,82.76,0.30,200.03,1497.13,792.66,294.54,0.00,56.74,6.55,68.03,27.66,0.03,3.96,0.02,0.10,0.01,0.47,0.00,0.17,0.33,0.00,5.16,0.00,17.44,0.01,0.02,0.05,0.10,0.02,3.52,17.44,1.24,85.73
,Curried Cauliflower soup,37.32,3.12,6.72,9.77,1.79,2.34,37.25,2.12,155.50,1281.94,538.99,179.05,4.77,74.48,33.71,7311.44,333.51,0.06,0.23,0.00,0.43,0.07,0.35,17.89,0.14,0.52,0.00,5.01,0.00,15.26,0.02,0.03,0.19,0.22,0.06,0.88,15.26,14.91,92.27
,Millet soup,55.99,8.22,11.26,12.57,1.45,2.82,65.21,2.74,234.39,394.34,289.29,480.65,1.45,138.85,48.47,10918.83,382.18,0.11,3.97,0.00,0.42,0.02,0.70,3.70,0.26,1.05,0.00,3.82,0.00,11.40,0.05,0.06,0.22,0.19,0.06,0.72,11.40,1.83,532.97
,Lemon coriander soup,108.06,10.32,2.27,6.26,2.20,6.77,102.57,3.47,450.32,682.17,1988.96,2993.29,0.00,62.72,54.52,219.17,368.81,0.23,1.00,0.01,0.77,0.06,0.79,0.00,2.22,0.97,0.00,28.27,0.00,25.66,0.05,0.06,0.45,0.23,0.11,1.23,25.66,17.69,2068.80
,Garlic soup,194.86,6.99,2.38,17.62,2.39,1.66,60.55,0.73,805.19,6456.94,9024.43,1166.08,22.92,56.66,18.08,179.26,247.47,0.06,0.31,0.00,0.15,0.01,0.34,121.25,0.71,0.27,0.00,8.14,0.00,15.17,0.04,0.10,0.49,0.32,0.09,2.09,15.17,7.72,272.62
,Dal makhani,74.04,7.96,3.32,3.06,0.80,2.27,20.62,1.23,291.37,1771.75,729.79,225.15,7.25,58.31,27.39,41.85,199.40,0.11,3.15,0.00,0.60,0.01,0.48,30.85,0.11,2.65,0.01,6.33,0.11,21.27,0.04,0.03,0.37,0.41,0.05,0.35,21.27,2.60,621.91
,Dalma,118.93,15.04,4.91,4.58,3.10,2.16,54.28,2.10,500.97,531.78,2174.06,1304.52,0.00,85.46,43.25,49.35,390.38,0.24,1.30,0.00,0.85,0.02,0.77,0.00,0.62,4.36,0.00,6.83,0.00,52.09,0.10,0.07,0.71,0.49,0.15,0.90,52.09,13.89,1068.32
,Split bengal gram dal (Channa dal),99.67,9.99,4.15,4.62,0.98,3.72,21.99,1.92,415.08,2146.92,1190.07,646.87,8.53,66.01,29.50,46.40,232.72,0.18,8.83,0.00,0.67,0.02,0.77,31.95,0.28,2.22,0.00,5.13,0.00,35.41,0.07,0.04,0.50,0.34,0.07,0.45,35.41,4.58,1176.57
,Horsegram dal (Kulthi dal) ,55.65,8.21,2.91,1.13,0.72,1.52,38.22,1.30,232.25,148.04,239.40,668.43,0.00,42.18,23.01,63.63,173.06,0.18,3.62,0.00,0.47,0.02,0.39,0.00,0.53,1.79,0.00,5.09,0.00,23.86,0.05,0.03,0.34,0.24,0.05,0.39,23.86,3.87,795.68
,Panchmel dal,111.22,10.71,4.63,5.36,0.75,3.20,23.05,1.42,462.35,2900.88,1361.43,489.16,11.86,72.53,32.49,79.46,269.92,0.19,7.56,0.00,0.46,0.07,0.66,44.44,0.36,2.54,0.00,10.70,0.00,26.45,0.08,0.04,0.53,0.39,0.07,0.45,26.45,2.82,1481.13
,Dal dhokli,68.74,8.55,2.96,2.47,1.12,1.86,14.54,0.79,287.33,410.28,823.53,1066.81,0.00,53.60,23.63,37.53,152.23,0.14,3.78,0.00,0.31,0.03,0.45,0.00,0.63,1.35,0.00,7.39,0.00,13.46,0.07,0.02,0.67,0.18,0.05,0.23,13.46,0.82,505.54
,Gujarati handvo ,207.09,31.86,8.24,4.80,2.51,4.95,68.21,2.03,865.12,871.46,1014.18,2444.65,1.93,151.08,47.32,308.55,411.20,0.30,9.94,0.01,0.75,0.06,1.25,4.92,1.54,1.32,0.00,21.46,0.00,53.71,0.15,0.10,1.18,0.74,0.15,1.44,53.71,4.51,1162.55
,Aloo keema,609.14,12.87,5.12,60.08,0.53,2.35,13.95,0.72,2514.83,7209.68,12305.86,37924.40,0.00,49.98,14.55,53.19,71.96,0.07,0.92,0.00,0.38,0.01,0.34,0.00,29.56,0.04,0.00,6.00,0.00,43.29,0.10,0.04,0.44,0.28,0.10,1.89,43.29,0.00,30.85
,Papdi,708.96,12.89,1.83,72.11,0.31,0.56,6.06,0.44,2919.20,8659.32,14793.75,45650.39,0.00,20.10,6.63,28.91,31.06,0.04,0.01,0.00,0.12,0.00,0.16,0.00,35.45,1.20,0.00,5.13,0.00,2.89,0.03,0.01,0.14,0.12,0.01,0.10,2.89,0.02,48.23
,Jowar dosa,294.35,40.53,8.50,10.28,0.59,5.56,19.46,2.03,1225.40,1254.56,2060.99,6285.96,0.00,166.78,71.56,97.25,339.77,0.29,11.24,0.01,0.72,0.06,1.27,0.00,4.71,2.64,0.00,12.77,0.00,29.13,0.16,0.06,1.32,0.77,0.15,0.39,29.13,0.00,116.34
,Bread roll,435.46,16.12,2.85,40.25,0.94,1.45,44.83,0.71,1800.12,4777.07,8139.66,25156.75,0.00,36.84,13.00,139.34,153.42,0.07,1.93,0.00,0.19,0.01,0.29,0.00,19.57,0.58,0.00,7.97,0.00,12.97,0.08,0.02,0.65,0.11,0.05,0.45,12.97,5.61,503.47
,Soya seekh kebab,115.05,10.00,5.40,5.88,0.51,2.24,15.67,1.26,478.89,707.06,1190.37,3393.71,0.00,69.89,28.77,92.25,306.02,0.16,0.69,0.00,0.41,0.01,0.61,0.00,2.42,1.96,0.00,8.31,0.00,25.16,0.10,0.03,0.74,0.31,0.11,1.37,25.16,14.98,318.64
,Classic seasoned black beans,28.78,7.66,8.01,8.28,0.44,3.51,40.11,1.90,120.37,9.50,35.78,26.62,0.00,58.86,23.45,7989.07,201.49,0.04,0.04,0.00,0.16,0.00,0.23,0.00,0.08,0.10,0.00,1.19,0.00,2.62,0.01,0.00,0.06,0.03,0.02,0.16,2.62,4.84,41.75
,Maa chaane ki dal,344.67,43.11,19.80,9.50,1.05,13.45,68.65,5.97,1438.25,3985.90,2188.78,1784.63,15.36,298.93,123.32,43.31,923.92,0.71,37.74,0.01,1.62,0.15,3.08,57.57,0.55,5.79,0.00,6.72,0.00,126.32,0.29,0.14,1.84,1.79,0.24,0.88,126.32,1.76,938.77
,Garlic chickpea soup (Lahasun aur chane ka shoraba),89.53,13.92,4.45,2.01,2.65,2.84,13.93,0.96,373.81,236.12,811.06,650.30,0.00,55.94,18.79,79.73,177.33,0.15,0.01,0.00,0.89,0.00,0.61,0.00,0.24,1.42,0.00,5.50,0.00,119.60,0.11,0.05,0.40,0.37,0.13,0.22,119.60,4.16,711.01
,White sauce (thin),115.17,6.58,3.31,8.41,4.58,0.07,110.20,0.19,479.08,5196.10,2203.45,283.02,11.04,93.11,8.56,23.91,111.33,0.03,0.88,0.00,0.03,0.00,0.33,49.65,0.30,0.18,0.00,0.41,0.00,6.91,0.03,0.11,0.09,0.34,0.04,1.85,6.91,1.85,223.02
,White sauce (medium),151.27,7.98,3.36,11.76,4.32,0.14,103.53,0.22,627.76,7322.03,3048.54,406.88,20.47,90.16,8.79,22.59,108.19,0.04,0.81,0.00,0.04,0.00,0.34,92.05,0.37,0.34,0.00,0.76,0.00,6.81,0.03,0.10,0.11,0.33,0.04,1.74,6.81,1.72,242.69
,White sauce (thick),209.69,10.24,3.43,17.19,3.90,0.24,92.74,0.27,868.33,10761.80,4415.89,607.28,35.72,85.39,9.18,20.45,103.11,0.04,0.71,0.00,0.06,0.00,0.34,160.66,0.48,0.59,0.00,1.33,0.00,6.65,0.04,0.10,0.13,0.32,0.04,1.56,6.65,1.50,274.51
,Cheese sauce,194.76,7.08,7.68,15.12,4.53,0.12,255.14,0.31,808.68,9411.85,4033.00,538.15,39.75,293.01,14.33,317.38,130.21,0.03,2.06,0.00,0.04,0.00,1.02,145.21,0.42,0.23,0.00,1.08,0.00,9.28,0.04,0.15,0.11,0.41,0.05,2.89,9.28,1.20,209.45
,Egg sauce,146.85,5.88,5.97,11.08,3.19,0.12,89.49,0.65,610.63,6174.18,3162.08,607.30,111.08,115.17,9.73,51.54,117.22,0.04,11.21,0.00,0.04,0.00,0.57,119.78,0.67,0.25,0.22,0.63,3.83,17.98,0.04,0.13,0.12,0.63,0.07,6.07,17.98,1.27,225.95
,Mushroom sauce,137.56,7.31,3.39,10.51,3.86,0.47,94.10,0.22,570.97,6518.01,2711.64,390.94,18.20,89.82,9.85,20.94,131.43,0.04,0.72,0.00,0.05,0.00,0.32,81.85,0.33,2.57,0.00,2.06,0.00,6.98,0.03,0.10,0.17,0.34,0.05,2.57,6.98,1.53,215.81
,Mustard sauce,158.58,8.29,3.98,12.17,4.22,0.13,109.03,0.44,658.30,7180.52,3455.69,528.24,19.97,92.35,14.90,22.16,128.41,0.04,0.79,0.00,0.08,0.00,0.49,89.81,0.36,0.33,0.00,0.74,0.00,6.65,0.03,0.10,0.10,0.32,0.04,1.70,6.65,1.67,236.79
,Brown sauce,109.18,5.38,11.92,23.67,0.13,1.69,40.44,2.46,450.70,1124.38,1912.29,5918.29,0.00,107.28,39.16,14174.59,334.09,0.06,0.00,0.00,0.26,0.00,0.40,0.00,4.59,0.49,0.00,0.66,0.00,1.18,0.01,0.00,0.06,0.05,0.01,0.04,1.18,0.00,19.55
,Classic italian pasta,42.12,4.40,0.57,2.45,2.94,1.36,19.55,0.41,175.25,647.53,513.45,1115.75,1.70,13.83,9.21,49.04,105.02,0.04,0.09,0.00,0.26,0.01,0.12,7.64,0.89,3.90,0.00,10.07,0.00,9.62,0.02,0.01,0.23,0.11,0.05,0.65,9.62,8.63,2709.15
,Pasta spinach sauce,85.46,1.76,1.76,7.90,1.04,0.86,58.57,1.23,353.28,2696.36,4136.42,596.40,9.34,45.41,32.15,115.79,251.05,0.07,0.88,0.01,0.41,0.01,0.31,41.16,0.74,0.13,0.00,111.32,0.00,53.75,0.06,0.06,0.17,0.12,0.07,1.77,53.75,12.78,3271.22
,Pasta cheese sauce,149.26,9.00,4.33,10.84,4.22,0.14,152.68,0.25,621.76,6732.67,2866.95,380.98,22.22,148.59,10.40,255.95,114.39,0.03,1.18,0.00,0.03,0.01,0.54,92.91,0.34,0.05,0.00,0.82,0.00,7.43,0.03,0.12,0.08,0.33,0.04,2.17,7.43,1.54,202.49
,Mayonnaise,774.86,1.65,1.86,84.52,1.44,0.11,15.36,0.51,3188.90,10737.12,17899.45,52047.93,117.12,61.35,3.69,272.89,23.47,0.03,5.69,0.00,0.04,0.01,0.21,58.67,40.51,0.09,0.35,5.72,4.91,12.26,0.01,0.02,0.08,0.30,0.03,7.11,12.26,0.00,33.78
,Low calorie quick mayonnaise,242.89,4.71,1.41,24.35,0.83,0.06,6.47,0.25,1002.22,3103.61,5178.19,14944.20,35.67,19.64,2.55,165.94,19.66,0.01,3.99,0.00,0.02,0.01,0.16,19.30,11.66,0.05,0.08,1.81,1.42,4.93,0.01,0.02,0.01,0.14,0.02,1.78,4.93,0.00,17.48
,Thousand island dressing,407.87,4.49,1.37,42.87,3.10,0.46,9.11,0.45,1681.31,3549.10,25798.30,11337.33,34.00,17.12,6.67,946.10,97.94,0.02,0.26,0.00,0.06,0.00,0.17,49.11,12.72,0.11,0.00,2.16,0.00,13.54,0.03,0.07,0.37,0.18,0.11,1.24,13.54,11.83,462.04
,Curd dip,79.95,7.95,5.04,3.36,7.12,0.10,167.17,0.25,336.83,1850.62,1002.98,262.88,10.59,145.60,18.06,301.07,279.40,0.01,1.82,0.00,0.03,0.02,0.62,27.05,0.31,0.05,0.00,0.35,0.00,16.34,0.07,0.22,0.37,0.45,0.11,2.34,16.34,2.25,205.25
,Short crust pastry,422.10,44.72,6.11,23.98,3.18,1.58,16.90,1.02,1751.27,14974.83,6017.55,1006.97,61.00,69.62,18.33,97.20,92.93,0.10,0.00,0.00,0.36,0.01,0.53,274.37,0.56,3.85,0.00,2.69,0.00,9.31,0.09,0.05,0.44,0.43,0.05,0.39,9.31,0.00,328.78
,Choux pastry,222.37,16.20,5.55,14.96,1.50,0.56,19.43,0.83,922.56,8681.23,4067.72,790.99,125.01,72.62,9.75,132.28,69.35,0.05,10.24,0.00,0.13,0.01,0.51,195.65,0.67,1.36,0.21,1.33,3.70,15.78,0.05,0.07,0.18,0.53,0.06,4.77,15.78,0.00,181.22
,Flaky pastry,443.94,33.61,4.69,31.99,0.81,1.25,9.28,0.83,1836.74,3845.50,6516.13,20204.98,0.00,49.78,14.23,178.52,67.37,0.08,0.00,0.00,0.29,0.01,0.40,0.00,15.61,3.05,0.00,2.45,0.00,7.35,0.07,0.03,0.35,0.33,0.04,0.26,7.35,0.00,122.17
,Sponge cake ,253.77,44.63,9.18,4.74,26.33,0.69,30.22,1.47,1070.15,1496.21,1744.49,658.48,182.09,119.68,13.67,64.61,108.95,0.09,20.12,0.00,0.17,0.01,0.86,98.51,0.76,1.67,0.42,0.25,7.27,28.58,0.07,0.11,0.25,0.91,0.10,9.22,28.58,0.00,134.33
,Glace icing,323.51,86.31,0.01,0.01,85.35,0.00,1.95,0.41,1381.27,2.77,0.65,4.84,0.00,0.96,0.12,9.88,10.59,0.04,0.00,0.00,0.00,0.00,0.08,0.00,0.00,0.01,0.00,0.02,0.00,0.17,0.00,0.00,0.00,0.00,0.00,0.03,0.17,0.66,1.18
,Royal icing,332.58,86.53,1.74,0.02,85.57,0.00,2.87,0.42,1419.25,2.42,0.60,4.17,0.00,3.50,1.99,36.50,35.40,0.05,3.40,0.00,0.00,0.00,0.09,0.00,0.00,0.00,0.17,0.02,0.00,0.94,0.00,0.03,0.00,0.22,0.00,0.72,0.94,0.57,1.01
,American frosting,257.57,67.48,1.05,0.01,67.46,0.00,7.05,0.14,1097.93,0.72,0.17,1.26,0.00,2.21,2.43,19.33,18.37,0.08,2.06,0.00,0.00,0.00,0.07,0.00,0.00,0.00,0.10,0.01,0.00,0.53,0.00,0.02,0.00,0.13,0.00,0.43,0.53,0.17,0.31
,Gum icing,223.07,53.19,5.94,0.00,52.63,0.00,18.62,0.40,951.87,0.00,0.00,0.00,0.00,2.76,1.06,29.32,6.07,0.03,1.34,0.00,0.01,0.00,0.06,0.00,0.00,0.00,0.00,0.00,0.00,0.00,0.00,0.00,0.00,0.00,0.00,0.00,0.00,0.00,0.00
,Channa murmura premix,339.09,72.59,10.59,3.28,1.52,8.21,21.36,4.58,1418.79,32.79,27.84,31.36,0.00,106.40,45.21,206.28,344.30,0.17,0.00,0.02,0.64,0.03,1.01,0.00,0.03,0.00,0.00,0.70,0.00,0.00,0.08,0.03,1.31,0.27,0.05,0.88,0.00,0.00,35.32
,Cracked wheat and green gram dal premix (Dalia moong dal premix),362.16,64.75,15.89,5.11,0.63,11.66,49.03,4.28,1515.28,863.80,1840.87,1265.20,0.00,122.30,50.70,3.25,321.50,0.29,10.37,0.00,0.36,0.27,0.82,0.00,0.47,1.12,0.00,1.91,0.00,27.51,0.13,0.04,1.50,0.44,0.06,0.29,27.51,0.00,132.08
,Rice flakes and roasted channa ,333.40,71.94,10.57,2.94,1.31,8.84,17.23,4.51,1394.99,198.80,297.50,403.90,0.00,136.50,54.54,205.51,349.90,0.18,0.00,0.04,0.62,0.05,1.04,0.00,0.04,0.00,0.00,0.70,0.00,5.92,0.08,0.03,1.12,0.34,0.01,0.27,5.92,0.00,23.53
,Spinach soup in milk ,56.72,3.98,2.89,3.20,3.34,0.79,106.10,1.08,237.33,1865.67,823.61,190.33,0.00,75.24,34.51,31.16,285.00,0.08,1.33,0.01,0.38,0.01,0.37,0.00,0.58,0.09,0.00,108.33,0.00,52.02,0.07,0.11,0.16,0.30,0.08,2.70,52.02,11.43,3317.67
,Vegetable soup,55.21,7.60,2.22,1.55,1.61,3.01,18.10,0.63,230.14,865.25,352.43,179.54,3.34,34.35,20.85,170.68,274.69,0.09,0.51,0.00,0.20,0.03,0.36,15.03,0.21,7.47,0.00,22.26,0.00,24.54,0.09,0.02,0.70,0.34,0.11,1.78,24.54,23.20,4425.81
,Mashed banana with milk,95.43,14.62,2.51,2.99,11.35,0.71,78.64,0.23,400.32,1781.94,787.86,131.61,0.00,69.05,15.15,16.99,191.13,0.06,0.61,0.01,0.12,0.00,0.26,0.00,0.17,0.06,0.00,0.71,0.00,10.32,0.02,0.08,0.21,0.33,0.19,1.77,10.32,3.90,212.90
,Poha with curd (Poha aur dahi),173.32,26.72,6.01,4.65,5.46,1.09,140.90,1.61,725.41,2824.34,1233.48,317.40,13.37,172.39,36.72,325.07,249.94,0.08,1.41,0.01,0.30,0.13,0.91,45.42,0.12,0.13,0.00,0.56,0.00,14.74,0.07,0.20,0.59,0.48,0.07,1.90,14.74,0.68,43.17
,Potato with curd,73.18,12.01,3.19,1.33,3.30,1.02,85.41,0.38,307.17,786.99,323.00,116.93,4.38,93.68,22.26,190.90,435.22,0.05,1.25,0.00,0.08,0.00,0.45,11.16,0.06,0.11,0.00,1.27,0.00,16.44,0.06,0.11,0.70,0.43,0.10,1.84,16.44,14.23,132.67
,Sweet wheat porridge (Sweet dalia),140.66,23.77,5.11,2.79,12.23,2.37,99.18,1.98,588.54,1547.14,690.21,148.18,0.00,84.58,36.02,24.63,265.94,0.11,3.63,0.01,0.34,0.05,0.51,0.00,0.35,0.17,0.00,54.38,0.00,31.95,0.07,0.09,0.20,0.32,0.14,1.92,31.95,6.16,1750.44
,Vegetable khichdi/khichri,143.17,19.57,5.61,4.53,3.71,2.45,100.54,1.09,597.93,2717.25,1090.32,316.13,11.92,128.91,41.88,193.55,384.87,0.16,5.04,0.01,0.44,0.17,0.74,45.68,0.39,0.45,0.00,64.46,0.00,45.51,0.11,0.14,0.68,0.49,0.13,2.10,45.51,7.10,3575.41
,Moong dal mixture,158.84,33.93,4.62,1.00,24.68,1.90,70.53,1.25,671.92,494.12,188.22,180.57,2.38,98.65,45.55,29.60,453.86,0.19,6.47,0.01,0.38,0.20,0.60,6.05,0.33,0.33,0.00,71.67,0.00,48.24,0.10,0.10,0.54,0.42,0.10,1.87,48.24,13.07,2184.27
,Cracked wheat khichri/khichdi (Dalia khichri/khichdi),167.45,22.35,7.56,5.52,3.79,3.74,123.04,2.17,699.30,3270.91,1323.45,270.45,14.62,113.40,35.47,224.95,340.86,0.13,5.86,0.01,0.36,0.08,0.75,56.02,0.41,0.18,0.00,74.20,0.00,44.80,0.09,0.16,0.33,0.40,0.10,2.24,44.80,7.30,2271.81
,Stewed apple,91.93,22.49,0.17,0.37,20.45,1.48,9.25,0.18,389.14,88.00,29.22,161.14,0.00,6.11,4.91,1.53,67.00,0.04,0.27,0.00,0.03,0.48,0.07,0.00,0.09,0.83,0.00,2.09,0.00,1.74,0.02,0.01,0.14,0.05,0.02,0.19,1.74,2.04,130.86
,Lemon squash (Nimbu ka squash),184.56,48.88,0.15,0.06,48.88,0.00,9.85,0.18,786.83,30.76,0.00,30.76,0.00,3.54,2.79,15.01,30.02,0.06,0.31,0.00,0.00,0.00,0.08,0.00,0.00,0.00,0.00,0.00,0.00,2.15,0.01,0.00,0.03,0.04,0.02,0.00,2.15,10.46,1.23
,Orange squash (Santre ka squash),193.26,50.88,0.22,0.04,50.56,0.40,10.62,0.34,823.13,11.41,5.92,14.65,0.00,4.43,4.35,14.85,52.78,0.06,0.06,0.00,0.01,0.00,0.06,0.00,0.01,0.10,0.00,0.77,0.00,5.99,0.02,0.01,0.09,0.06,0.01,0.89,5.99,13.14,207.63
,Lichi squash,198.33,51.96,0.30,0.08,51.31,0.41,6.39,0.34,844.36,28.14,14.04,24.27,0.00,7.63,5.43,14.56,51.86,0.09,0.14,0.00,0.01,0.00,0.12,0.00,0.02,0.10,0.00,2.40,0.00,4.83,0.01,0.02,0.07,0.06,0.02,0.86,4.83,10.40,39.68
,Mango squash (Aam ka squash),194.66,50.96,0.17,0.17,50.84,0.58,9.47,0.25,828.98,52.29,41.22,40.60,0.00,3.87,5.05,14.81,46.63,0.09,0.59,0.01,0.07,0.00,0.08,0.00,0.09,1.14,0.00,1.47,0.00,25.24,0.01,0.01,0.08,0.04,0.04,0.49,25.24,10.14,438.02
,Pineapple squash (Ananas ka squash),195.02,51.34,0.16,0.05,51.08,1.06,7.96,0.18,830.51,15.72,9.58,14.69,0.00,4.63,4.85,14.84,46.32,0.08,0.02,0.00,0.39,0.00,0.08,0.00,0.14,0.06,0.00,0.74,0.00,5.60,0.02,0.01,0.04,0.04,0.04,0.32,5.60,11.19,26.55
,Lemon and ginger squash (Nimbu aur adrak ka squash),170.34,44.06,0.54,0.21,42.53,1.07,11.18,0.52,725.38,66.18,13.59,96.17,0.00,11.27,12.95,16.19,101.40,0.07,0.20,0.00,0.77,0.00,0.14,0.00,0.06,0.82,0.00,5.11,0.00,3.56,0.01,0.01,0.10,0.07,0.05,0.21,3.56,7.88,66.58
,Apple jam (Seb ka murabba),188.79,48.56,0.14,0.32,46.76,1.29,10.84,0.21,802.50,77.00,25.57,141.00,0.00,5.62,4.84,2.71,60.00,0.07,0.23,0.00,0.03,0.03,0.09,0.00,0.08,0.73,0.00,1.83,0.00,1.52,0.01,0.00,0.13,0.05,0.02,0.17,1.52,1.78,114.50
,Plum jam (Aloo bukhara jam),178.89,46.20,0.31,0.19,45.25,1.00,7.50,0.20,760.58,9.64,81.73,28.40,0.00,7.03,4.51,2.67,79.81,0.24,0.27,0.00,0.03,0.00,0.09,0.00,0.24,1.60,0.00,4.09,0.00,6.87,0.01,0.01,0.21,0.08,0.02,0.14,6.87,1.09,206.73
,Pineapple jam ,149.18,38.27,0.32,0.15,37.44,2.20,10.47,0.24,633.68,43.45,22.46,53.64,0.00,8.96,8.54,2.45,93.40,0.08,0.09,0.01,0.73,0.03,0.10,0.00,0.27,0.26,0.00,1.70,0.00,10.59,0.03,0.02,0.09,0.08,0.08,0.63,10.59,20.92,70.46
,Guava jelly (Amrood ki jelly),115.74,28.18,1.11,0.25,27.38,6.61,16.55,0.29,491.54,37.92,27.48,135.38,0.00,18.34,12.20,3.36,218.85,0.15,1.42,0.00,0.17,0.00,0.20,0.00,0.07,1.29,0.00,2.83,0.00,22.89,0.04,0.03,0.46,0.19,0.08,0.57,22.89,164.62,766.15
,Orange marmalade (Santray ka murabba),104.17,25.94,0.66,0.13,25.09,1.97,17.59,0.63,441.80,31.62,17.69,54.81,0.00,11.99,9.87,2.31,148.92,0.06,0.36,0.01,0.04,0.00,0.08,0.00,0.04,0.44,0.00,2.18,0.00,17.08,0.05,0.02,0.27,0.17,0.04,2.06,17.08,56.25,587.74
,Carrot murabba (Gajar ka murabba),175.24,45.60,0.32,0.16,44.83,1.39,15.86,0.28,746.33,29.24,7.00,88.67,0.00,14.77,6.41,19.53,93.08,0.08,0.07,0.00,0.08,0.00,0.13,0.00,0.07,0.45,0.00,6.12,0.00,8.01,0.01,0.01,0.07,0.10,0.04,0.50,8.01,2.07,3125.67
,Gooseberry marmalade (Amla murabba),123.16,32.34,0.14,0.03,28.61,0.00,16.40,0.38,523.98,0.00,0.00,0.00,0.00,5.73,0.96,216.89,64.52,0.08,0.00,0.00,0.00,0.00,0.03,0.00,0.00,0.00,0.00,0.00,0.00,0.00,0.01,0.00,0.05,0.00,0.00,0.00,0.00,0.00,2.45
,Ginger candy (Adrak ki candy),195.71,50.38,0.69,0.27,47.99,1.67,10.43,0.68,833.13,72.19,21.24,119.06,0.00,14.32,17.99,5.40,129.45,0.09,0.00,0.00,1.20,0.00,0.17,0.00,0.10,1.28,0.00,7.98,0.00,3.38,0.01,0.01,0.13,0.08,0.06,0.33,3.38,1.70,102.81
,Mango pickle (Aam ka achaar),192.12,8.11,1.60,17.89,1.79,3.68,48.97,1.44,804.06,2065.83,10283.05,3861.34,0.00,34.15,32.75,3429.94,206.92,0.12,0.22,0.01,0.39,0.01,0.30,0.00,0.64,5.40,0.00,11.88,0.00,19.04,0.03,0.04,0.60,0.11,0.14,0.99,19.04,61.20,707.69
,Mixed vegetable pickle (Sabziyoon ka achaar),211.20,7.48,1.90,19.68,2.77,2.76,42.81,2.12,884.18,2272.07,11262.04,4262.45,0.00,47.44,33.01,2488.32,283.15,0.14,1.75,0.01,0.59,0.00,0.36,0.00,0.27,2.68,0.00,14.04,0.00,15.91,0.05,0.05,0.51,0.14,0.14,1.40,15.91,30.37,464.24
,Sweet lemon pickle (Neembu ka meetha achaar),69.54,16.87,1.22,0.21,14.63,2.13,42.57,1.02,295.30,100.44,12.65,95.94,0.00,10.68,21.98,6415.90,148.65,0.08,0.98,0.00,0.24,0.00,0.13,0.00,0.03,0.71,0.00,4.60,0.00,5.18,0.02,0.01,0.09,0.09,0.04,0.09,5.18,22.19,60.89
,Plum chutney (Aloo bukhara ki chutney),177.11,44.95,0.47,0.29,43.90,1.37,12.38,0.34,752.29,27.30,102.28,74.91,0.00,10.42,7.31,216.81,101.56,0.26,0.44,0.00,0.19,0.01,0.13,0.00,0.25,1.78,0.00,5.16,0.00,7.26,0.01,0.01,0.28,0.08,0.04,0.16,7.26,1.12,303.30
,Raw mango chutney (Kachhe aam/Kairi ki chutney),193.13,49.94,0.51,0.16,45.22,2.17,25.92,0.48,821.22,37.58,28.02,71.97,0.00,11.26,14.10,480.68,105.51,0.11,0.06,0.01,0.38,0.00,0.14,0.00,0.51,4.51,0.00,9.38,0.00,14.68,0.01,0.02,0.22,0.08,0.09,0.81,14.68,50.23,394.82
,Tomato sauce,34.33,7.23,0.81,0.27,5.69,1.79,13.00,0.31,144.77,54.89,34.98,128.13,0.00,16.48,13.26,174.79,168.41,0.05,0.03,0.00,0.26,0.00,0.13,0.00,0.21,10.83,0.00,22.61,0.00,15.27,0.04,0.02,0.49,0.18,0.08,1.10,15.27,23.16,5288.51
,Tomato puree,20.62,3.68,0.75,0.25,2.32,1.56,8.91,0.22,86.45,47.13,30.17,117.71,0.00,15.29,12.19,244.99,165.74,0.04,0.00,0.00,0.09,0.00,0.11,0.00,0.22,11.70,0.00,23.86,0.00,15.24,0.04,0.02,0.50,0.18,0.08,1.08,15.24,25.00,5762.61
,Garam masala,254.21,26.20,9.89,10.97,1.79,35.56,609.77,14.51,1063.66,900.80,5676.88,2164.46,0.00,228.03,318.39,58.33,1501.80,1.23,6.60,0.07,14.33,0.06,3.37,0.00,1.12,19.02,0.00,85.31,0.00,20.68,0.23,0.17,1.31,0.28,0.17,2.42,20.68,9.00,1088.70
,Chat masala,222.58,23.87,8.19,9.91,0.79,18.62,519.50,13.27,931.92,342.80,4428.50,1949.90,0.00,221.15,247.90,11873.64,1051.15,0.77,2.24,0.05,2.57,0.03,2.49,0.00,0.70,4.97,0.00,61.97,0.00,13.32,0.26,0.11,1.52,0.12,0.16,0.63,13.32,6.50,354.80
,Kashmiri masala,389.02,23.16,8.26,31.03,2.41,12.12,303.49,14.72,1630.04,3480.80,17010.94,6389.69,0.00,199.18,183.44,3106.14,1020.75,0.59,5.15,0.03,6.14,0.02,2.10,0.00,0.51,6.26,0.00,38.34,0.00,16.74,0.20,0.17,2.47,0.43,0.16,0.50,16.74,2.02,8177.55
,Rasam powder (Rasam masala),267.96,25.19,12.04,11.80,1.91,35.71,562.15,14.72,1121.18,779.68,6561.75,2070.65,0.00,269.78,288.95,38.78,1524.90,1.40,8.91,0.06,3.68,0.21,3.09,0.00,1.02,8.95,0.00,88.15,0.00,33.09,0.25,0.20,1.67,0.39,0.16,1.72,33.09,11.65,6329.34
,Sambar powder (Sambar masala),297.46,23.38,12.50,15.58,1.87,34.56,439.95,12.63,1241.41,5026.36,5878.33,2180.91,0.00,262.73,247.04,27.66,1350.05,1.24,14.99,0.04,3.01,0.20,3.00,0.00,0.85,7.41,0.00,70.77,0.00,48.87,0.23,0.24,1.74,0.49,0.17,1.56,48.87,10.29,11008.44
,Tartare sauce,610.93,2.96,1.44,66.12,2.18,0.42,21.06,0.56,2515.35,5019.29,40196.82,17631.18,50.47,9.62,4.83,256.95,33.29,0.03,0.67,0.00,0.06,0.01,0.18,68.82,19.57,0.33,0.00,18.94,0.00,20.88,0.01,0.10,0.06,0.15,0.09,1.41,20.88,8.08,390.65
,Barbeque sauce,121.93,20.46,0.96,4.51,18.88,0.69,28.61,1.15,512.72,544.97,971.86,2771.18,0.00,17.58,16.70,504.95,186.46,0.06,0.31,0.00,0.18,0.02,0.16,0.00,2.12,0.20,0.00,1.58,0.00,5.06,0.27,0.03,0.64,0.06,0.03,0.35,5.06,5.75,144.00
,Bread sauce,111.04,8.69,3.46,7.05,4.63,0.56,110.72,0.31,463.78,4241.27,1804.13,241.55,8.48,88.42,11.07,88.84,122.76,0.05,1.38,0.00,0.24,0.01,0.36,38.13,0.26,0.21,0.00,1.31,0.00,10.32,0.05,0.10,0.22,0.30,0.05,1.80,10.32,2.13,194.40
,Green chilli sauce,46.06,7.36,1.25,0.27,5.36,1.77,9.89,0.64,192.65,47.78,11.93,152.96,0.00,26.71,16.54,1037.04,155.76,0.07,0.52,0.00,0.12,0.01,0.17,0.00,0.10,1.15,0.00,7.10,0.00,8.57,0.04,0.05,0.52,0.08,0.10,0.23,8.57,34.84,498.89
,Home made plain noodles,238.78,44.50,6.21,3.56,1.07,1.65,12.27,1.07,997.04,503.97,2301.60,460.66,0.00,65.92,18.74,182.07,89.09,0.10,0.00,0.00,0.38,0.01,0.53,0.00,0.19,4.03,0.00,2.39,0.00,9.74,0.09,0.04,0.46,0.43,0.05,0.35,9.74,0.00,161.79
,Dal moong,43.69,4.92,2.20,1.62,0.13,1.08,7.69,0.52,181.89,873.43,401.86,141.62,3.55,39.20,16.62,117.74,130.13,0.09,4.36,0.00,0.17,0.07,0.25,13.29,0.12,0.32,0.00,1.79,0.00,8.59,0.03,0.01,0.19,0.16,0.03,0.09,8.59,1.03,113.22
,Cumin seeds baghar (Jeera baghar/tadka),736.81,5.22,3.34,78.77,0.49,6.01,177.77,5.09,3034.92,45128.31,21181.77,4479.31,189.23,85.31,86.42,177.58,420.92,0.28,0.62,0.02,0.94,0.23,0.97,709.23,4.66,1.86,0.00,26.53,0.00,5.35,0.10,0.07,0.98,0.07,0.14,0.18,5.35,1.27,2215.46
,Onion tomato baghar (Pyaaz tamatar ka tadka),137.52,6.17,1.26,11.98,3.51,2.12,20.45,0.63,568.02,6992.21,3097.01,697.59,29.17,26.94,16.74,31.33,174.16,0.09,0.17,0.00,0.20,0.02,0.26,109.32,0.80,4.68,0.00,12.10,0.00,20.20,0.04,0.02,0.46,0.22,0.10,1.65,20.20,15.89,2496.30
,Mustard seeds baghar (Mustard seed tadka),552.59,10.45,4.73,54.30,1.14,9.74,182.93,4.14,2278.85,31336.36,14349.38,3383.41,130.57,89.97,91.77,8.90,553.41,0.28,9.61,0.04,0.79,0.71,0.70,489.38,3.70,30.67,0.00,109.65,0.00,37.88,0.15,0.18,1.53,0.23,0.20,0.70,37.88,1.28,23706.77
,Hot cherry sauce,252.74,67.95,0.13,0.07,17.65,0.00,24.82,0.45,1064.62,16.33,6.31,32.60,0.00,9.98,6.70,105.81,39.98,0.02,0.00,0.00,0.00,0.01,0.04,0.00,0.00,0.03,0.00,0.12,0.00,0.87,0.01,0.01,0.01,0.02,0.01,0.12,0.87,3.12,7.08
,Apple jelly (Seb ki jelly),152.13,39.37,0.10,0.21,38.18,0.86,7.89,0.15,647.00,51.33,17.04,94.00,0.00,3.81,3.36,2.14,40.33,0.05,0.16,0.00,0.02,0.03,0.06,0.00,0.05,0.49,0.00,1.22,0.00,1.01,0.01,0.00,0.08,0.03,0.01,0.11,1.01,1.19,76.33
,Marmalade (Murabba),143.76,37.64,0.23,0.04,37.29,0.43,9.84,0.34,612.00,12.37,6.42,15.88,0.00,4.63,4.35,2.16,56.33,0.05,0.06,0.00,0.01,0.00,0.05,0.00,0.01,0.11,0.00,0.83,0.00,6.49,0.02,0.01,0.09,0.07,0.01,0.96,6.49,14.24,225.00
,Plum squash (Aloo bukhara squash),211.17,55.51,0.16,0.10,55.02,0.52,6.90,0.16,899.28,5.01,42.49,14.77,0.00,3.96,2.97,12.71,43.01,0.16,0.14,0.00,0.01,0.00,0.08,0.00,0.12,0.83,0.00,2.12,0.00,3.57,0.00,0.00,0.11,0.04,0.01,0.07,3.57,0.56,107.47
,Lemon green chilli pickle (Nimboo aur hari mirch ka achaar),14.07,2.14,0.85,0.24,1.00,1.07,20.05,0.55,59.11,88.75,5.16,130.29,0.00,14.76,23.19,7559.38,138.00,0.04,0.64,0.00,0.04,0.00,0.13,0.00,0.04,0.50,0.00,3.07,0.00,7.93,0.03,0.02,0.21,0.11,0.08,0.10,7.93,36.87,218.43
,Brinjal pickle (Baingan ka achaar),139.01,4.23,2.24,12.98,1.07,4.62,37.28,2.16,581.75,1477.95,7291.88,2951.45,0.00,62.11,40.36,3507.59,305.87,0.14,2.73,0.01,0.49,0.01,0.46,0.00,0.17,2.31,0.00,12.68,0.00,28.93,0.07,0.11,0.81,0.26,0.11,1.34,28.93,1.54,644.39
,Sweet and sour tomato pickle (Khatta meetha tamatar ka achaar),60.88,6.55,1.26,3.24,4.31,2.20,15.18,0.54,255.43,370.92,1728.60,779.18,0.00,29.37,21.26,1281.94,203.12,0.07,1.15,0.00,0.31,0.00,0.20,0.00,0.22,10.48,0.00,24.39,0.00,16.34,0.05,0.04,0.58,0.20,0.10,1.01,16.34,20.93,6104.00
,Jhatpat achar with carrot (Jhatpat achaar gajar ke saath),91.21,6.32,1.98,6.55,3.04,5.08,54.31,2.32,381.70,716.48,3409.14,1643.32,0.00,76.16,36.57,2067.33,341.40,0.12,3.28,0.01,0.56,0.01,0.51,0.00,0.30,2.84,0.00,17.59,0.00,24.64,0.06,0.05,0.56,0.29,0.14,1.32,24.64,5.18,8113.88
,Tomato chutney (Tamatar ki chutney),176.07,31.85,0.97,6.01,30.02,1.49,25.34,0.96,745.43,691.45,3277.52,1318.43,0.00,21.47,17.52,823.65,157.35,0.10,0.02,0.00,0.24,0.00,0.23,0.00,0.13,6.56,0.00,14.96,0.00,10.87,0.03,0.03,0.47,0.14,0.08,0.77,10.87,14.29,3381.10
,Tomato ketchup,33.07,6.48,0.91,0.30,4.68,1.90,15.33,0.36,139.02,56.86,49.55,133.96,0.00,18.37,14.66,177.97,172.57,0.06,0.15,0.00,0.30,0.00,0.16,0.00,0.20,10.16,0.00,21.83,0.00,15.85,0.04,0.02,0.48,0.19,0.08,1.16,15.85,21.64,4874.18
,Bengal 5 Spice Blend (Panch Phoran),289.79,20.00,18.26,22.16,1.40,18.40,523.00,13.37,1212.52,800.20,7997.20,3611.20,0.00,408.40,253.00,51.43,1026.20,0.81,17.09,0.03,3.31,0.40,3.16,0.00,0.59,9.17,0.00,31.14,0.00,34.76,0.35,0.19,3.63,0.19,0.28,0.84,34.76,1.60,503.80
,Charga (Chargha),233.00,3.70,27.30,16.70,0.00,0.00,0.00,0.00,974.00,0.00,0.00,0.00,0.00,0.00,0.00,560.00,0.00,0.00,0.00,0.00,0.00,0.00,0.00,0.00,0.00,0.00,0.00,0.00,0.00,0.00,0.00,0.00,0.00,0.00,0.00,0.00,0.00,0.00,0.00
,Aloo Keema,255.20,26.70,5.40,14.10,0.00,0.00,0.00,0.00,1069.00,0.00,0.00,0.00,0.00,0.00,0.00,0.00,0.00,0.00,0.00,0.00,0.00,0.00,0.00,0.00,0.00,0.00,0.00,0.00,0.00,0.18,0.10,0.80,0.00,0.00,0.00,0.00,0.00,0.00,0.00
,Nihari (Beef/Mutton),300.00,8.00,24.00,19.20,0.00,0.00,36.00,3.00,1255.00,0.00,0.00,0.00,72.00,0.00,0.00,792.00,420.00,0.00,0.00,0.00,0.00,0.00,0.00,0.00,0.00,0.00,0.00,0.00,0.00,0.50,0.20,3.00,0.00,0.40,0.00,0.00,0.00,0.00,0.00
,Paya (Beef / Mutton trotters),150.00,0.00,18.00,8.00,0.00,0.00,0.00,2.50,628.00,5000.00,0.00,0.00,60.00,0.00,0.00,430.00,300.00,0.00,0.00,0.00,0.00,0.00,3.00,0.00,0.00,0.00,0.00,0.00,0.00,0.00,0.00,0.00,0.00,0.00,0.00,0.00,0.00,0.00,0.00